{
  "FilterHeaders": [
    {
      "Header": "x-goog-update-updater",
      "IncludeInScript": false
    },
    {
      "Header": "x-goog-update-interactivity",
      "IncludeInScript": false
    },
    {
      "Header": "x-goog-update-appid",
      "IncludeInScript": false
    },
    {
      "Header": "x-goog-encode-response-if-executable",
      "IncludeInScript": false
    },
    {
      "Header": "x-goog-api-key",
      "IncludeInScript": false
    },
    {
      "Header": "x-client-data",
      "IncludeInScript": false
    },
    {
      "Header": "user-agent",
      "IncludeInScript": false
    },
    {
      "Header": "upgrade-insecure-requests",
      "IncludeInScript": false
    },
    {
      "Header": "sec-fetch-user",
      "IncludeInScript": false
    },
    {
      "Header": "sec-fetch-site",
      "IncludeInScript": false
    },
    {
      "Header": "sec-fetch-mode",
      "IncludeInScript": false
    },
    {
      "Header": "sec-fetch-dest",
      "IncludeInScript": false
    },
    {
      "Header": "sec-ch-ua-platform",
      "IncludeInScript": false
    },
    {
      "Header": "sec-ch-ua-mobile",
      "IncludeInScript": false
    },
    {
      "Header": "sec-ch-ua",
      "IncludeInScript": false
    },
    {
      "Header": "pragma",
      "IncludeInScript": false
    },
    {
      "Header": "if-none-match",
      "IncludeInScript": false
    },
    {
      "Header": "content-encoding",
      "IncludeInScript": false
    },
    {
      "Header": "cache-control",
      "IncludeInScript": false
    },
    {
      "Header": "authorization",
      "IncludeInScript": false
    },
    {
      "Header": "accept-language",
      "IncludeInScript": false
    },
    {
      "Header": "accept-encoding",
      "IncludeInScript": false
    },
    {
      "Header": "accept",
      "IncludeInScript": false
    },
    {
      "Header": "a-im",
      "IncludeInScript": false
    }
  ],
  "FilterResources": [
    {
      "IsNonResource": false,
      "type": "text/plain"
    },
    {
      "IsNonResource": false,
      "type": "text/javascript"
    },
    {
      "IsNonResource": true,
      "type": "text/html"
    },
    {
      "IsNonResource": false,
      "type": "text/css"
    },
    {
      "IsNonResource": false,
      "type": "image/png"
    },
    {
      "IsNonResource": false,
      "type": "application/x-javascript"
    },
    {
      "IsNonResource": false,
      "type": "application/vnd.google.octet-stream-compressible"
    },
    {
      "IsNonResource": false,
      "type": "application/octet-stream"
    },
    {
      "IsNonResource": true,
      "type": "application/json"
    }
  ],
  "GeneralInfo": {
    "BrowserVersion": "",
    "IsWinInetMode": false,
    "MaxUsedConnections": 11,
    "RecordedBrowser": "Chrome",
    "RecordingDate": "Feb-12-2024",
    "RecordingDuration": 101843,
    "RecordingMode": "N/A",
    "RecordingTimeStamp": 1707722164,
    "RecordingType": "Browser",
    "TotalBytesReceived": 99395,
    "TotalBytesSent": 34528,
    "TotalRequests": 40,
    "UserAgent": "Mozilla/5.0 (Windows NT 10.0; Win64; x64) AppleWebKit/537.36 (KHTML, like Gecko) Chrome/121.0.0.0 Safari/537.36"
  },
  "HostInfo": [
    {
      "DomainName": "googleapis.com",
      "Domains": [
        {
          "HTTPVersion": "HTTP/1.1",
          "IP": "142.250.205.227",
          "IncludeInScript": true,
          "Name": "update.googleapis.com",
          "Port": 443,
          "Requests": [
            {
              "CompressionType": "gzip",
              "DataType": "application/json",
              "DownloadTime": 281,
              "EventId": 275,
              "HttpStatus": 200,
              "Size": 889,
              "URL": "https://update.googleapis.com/service/update2/json?cup2key=13:BlLCuMJOSeXg4yBP95UNdS25tgrE6etVIkjxaYoJF9E&cup2hreq=a61ea9d96c012e75d9639bdaed02bb0794e855a3716e9d2e68860dd0294ef5ce"
            }
          ],
          "SSLCipher": "TLS_AES_256_GCM_SHA384",
          "SSLVersion": "TLS1.3"
        },
        {
          "HTTPVersion": "HTTP/1.1",
          "IP": "142.250.182.42",
          "IncludeInScript": true,
          "Name": "content-autofill.googleapis.com",
          "Port": 443,
          "Requests": [
            {
              "CompressionType": "gzip",
              "DataType": "text/plain",
              "DownloadTime": 93,
              "EventId": 286,
              "HttpStatus": 200,
              "Size": 36,
              "URL": "https://content-autofill.googleapis.com/v1/pages/ChVDaHJvbWUvMTIxLjAuNjE2Ny4xNjESGQnRtEZ2-NdaeBIFDYGQ8XwhazZa6dxyhSE=?alt=proto"
            }
          ],
          "SSLCipher": "TLS_AES_256_GCM_SHA384",
          "SSLVersion": "TLS1.3"
        },
        {
          "HTTPVersion": "HTTP/1.1",
          "IP": "142.250.195.35",
          "IncludeInScript": true,
          "Name": "clientservices.googleapis.com",
          "Port": 443,
          "Requests": [
            {
              "CompressionType": "",
              "DataType": "application/octet-stream",
              "DownloadTime": 218,
              "EventId": 16,
              "HttpStatus": 200,
              "Size": 76,
              "URL": "https://clientservices.googleapis.com/chrome-variations/seed?osname=win&channel=stable&milestone=121"
            }
          ],
          "SSLCipher": "TLS_AES_256_GCM_SHA384",
          "SSLVersion": "TLS1.3"
        },
        {
          "HTTPVersion": "HTTP/1.1",
          "IP": "142.250.195.234",
          "IncludeInScript": true,
          "Name": "ajax.googleapis.com",
          "Port": 443,
          "Requests": [
            {
              "CompressionType": "gzip",
              "DataType": "text/javascript",
              "DownloadTime": 31,
              "EventId": 104,
              "HttpStatus": 200,
              "Size": 29707,
              "URL": "https://ajax.googleapis.com/ajax/libs/jquery/2.1.3/jquery.min.js"
            },
            {
              "CompressionType": "gzip",
              "DataType": "text/javascript",
              "DownloadTime": 31,
              "EventId": 98,
              "HttpStatus": 200,
              "Size": 52746,
              "URL": "https://ajax.googleapis.com/ajax/libs/angularjs/1.4.7/angular.min.js"
            }
          ],
          "SSLCipher": "",
          "SSLVersion": ""
        }
      ],
      "IncludeInScript": true
    },
    {
      "DomainName": "google.com",
      "Domains": [
        {
          "HTTPVersion": "HTTP/1.1",
          "IP": "142.250.193.174",
          "IncludeInScript": true,
          "Name": "clients4.google.com",
          "Port": 443,
          "Requests": [
            {
              "CompressionType": "gzip",
              "DataType": "application/vnd.google.octet-stream-compressible",
              "DownloadTime": 875,
              "EventId": 250,
              "HttpStatus": 200,
              "Size": 315,
              "URL": "https://clients4.google.com/chrome-sync/command/?client=Google+Chrome&client_id=EqBJmtXuwdBaPOmd8C%2FKQg%3D%3D"
            }
          ],
          "SSLCipher": "TLS_AES_256_GCM_SHA384",
          "SSLVersion": "TLS1.3"
        }
      ],
      "IncludeInScript": true
    },
    {
      "DomainName": "globalsqa.com",
      "Domains": [
        {
          "HTTPVersion": "HTTP/1.1",
          "IP": "104.21.82.34",
          "IncludeInScript": true,
          "Name": "www.globalsqa.com",
          "Port": 443,
          "Requests": [
            {
              "CompressionType": "",
              "DataType": "text/html",
              "DownloadTime": 875,
              "EventId": 288,
              "HttpStatus": 302,
              "Size": 0,
              "URL": "https://www.globalsqa.com/favicon.ico"
            },
            {
              "CompressionType": "br",
              "DataType": "text/html",
              "DownloadTime": 906,
              "EventId": 279,
              "HttpStatus": 200,
              "Size": 227,
              "URL": "https://www.globalsqa.com/angularJs-protractor/BankingProject/depositTx.html"
            },
            {
              "CompressionType": "",
              "DataType": "text/html",
              "DownloadTime": 828,
              "EventId": 269,
              "HttpStatus": 302,
              "Size": 0,
              "URL": "https://www.globalsqa.com/favicon.ico"
            },
            {
              "CompressionType": "br",
              "DataType": "text/html",
              "DownloadTime": 844,
              "EventId": 266,
              "HttpStatus": 200,
              "Size": 483,
              "URL": "https://www.globalsqa.com/angularJs-protractor/BankingProject/account.html"
            },
            {
              "CompressionType": "",
              "DataType": "text/html",
              "DownloadTime": 844,
              "EventId": 264,
              "HttpStatus": 302,
              "Size": 0,
              "URL": "https://www.globalsqa.com/favicon.ico"
            },
            {
              "CompressionType": "br",
              "DataType": "text/html",
              "DownloadTime": 844,
              "EventId": 261,
              "HttpStatus": 200,
              "Size": 294,
              "URL": "https://www.globalsqa.com/angularJs-protractor/BankingProject/customerView.html"
            },
            {
              "CompressionType": "",
              "DataType": "text/html",
              "DownloadTime": 843,
              "EventId": 220,
              "HttpStatus": 302,
              "Size": 0,
              "URL": "https://www.globalsqa.com/favicon.ico"
            },
            {
              "CompressionType": "br",
              "DataType": "text/html",
              "DownloadTime": 468,
              "EventId": 210,
              "HttpStatus": 200,
              "Size": 159,
              "URL": "https://www.globalsqa.com/angularJs-protractor/BankingProject/options.html"
            },
            {
              "CompressionType": "",
              "DataType": "image/png",
              "DownloadTime": 250,
              "EventId": 205,
              "HttpStatus": 200,
              "Size": 4119,
              "URL": "https://www.globalsqa.com/wp-includes/images/w-logo-blue-white-bg.png"
            },
            {
              "CompressionType": "br",
              "DataType": "text/html",
              "DownloadTime": 844,
              "EventId": 202,
              "HttpStatus": 200,
              "Size": 166,
              "URL": "https://www.globalsqa.com/angularJs-protractor/BankingProject/main.html"
            },
            {
              "CompressionType": "",
              "DataType": "text/html",
              "DownloadTime": 812,
              "EventId": 200,
              "HttpStatus": 302,
              "Size": 0,
              "URL": "https://www.globalsqa.com/favicon.ico"
            },
            {
              "CompressionType": "br",
              "DataType": "application/x-javascript",
              "DownloadTime": 250,
              "EventId": 195,
              "HttpStatus": 200,
              "Size": 403,
              "URL": "https://www.globalsqa.com/angularJs-protractor/BankingProject/withdrawlController.js"
            },
            {
              "CompressionType": "br",
              "DataType": "application/x-javascript",
              "DownloadTime": 250,
              "EventId": 193,
              "HttpStatus": 200,
              "Size": 901,
              "URL": "https://www.globalsqa.com/angularJs-protractor/BankingProject/transactionSummaryController.js"
            },
            {
              "CompressionType": "br",
              "DataType": "application/x-javascript",
              "DownloadTime": 234,
              "EventId": 190,
              "HttpStatus": 200,
              "Size": 219,
              "URL": "https://www.globalsqa.com/angularJs-protractor/BankingProject/optionsController.js"
            },
            {
              "CompressionType": "br",
              "DataType": "application/x-javascript",
              "DownloadTime": 266,
              "EventId": 187,
              "HttpStatus": 200,
              "Size": 196,
              "URL": "https://www.globalsqa.com/angularJs-protractor/BankingProject/mainController.js"
            },
            {
              "CompressionType": "br",
              "DataType": "application/x-javascript",
              "DownloadTime": 266,
              "EventId": 184,
              "HttpStatus": 200,
              "Size": 279,
              "URL": "https://www.globalsqa.com/angularJs-protractor/BankingProject/managerViewController.js"
            },
            {
              "CompressionType": "br",
              "DataType": "application/x-javascript",
              "DownloadTime": 234,
              "EventId": 181,
              "HttpStatus": 200,
              "Size": 425,
              "URL": "https://www.globalsqa.com/angularJs-protractor/BankingProject/openAccountController.js"
            },
            {
              "CompressionType": "br",
              "DataType": "application/x-javascript",
              "DownloadTime": 234,
              "EventId": 178,
              "HttpStatus": 200,
              "Size": 299,
              "URL": "https://www.globalsqa.com/angularJs-protractor/BankingProject/listCustomerController.js"
            },
            {
              "CompressionType": "br",
              "DataType": "application/x-javascript",
              "DownloadTime": 265,
              "EventId": 174,
              "HttpStatus": 200,
              "Size": 187,
              "URL": "https://www.globalsqa.com/angularJs-protractor/BankingProject/bodyController.js"
            },
            {
              "CompressionType": "br",
              "DataType": "application/x-javascript",
              "DownloadTime": 250,
              "EventId": 171,
              "HttpStatus": 200,
              "Size": 390,
              "URL": "https://www.globalsqa.com/angularJs-protractor/BankingProject/depositController.js"
            },
            {
              "CompressionType": "br",
              "DataType": "application/x-javascript",
              "DownloadTime": 250,
              "EventId": 169,
              "HttpStatus": 200,
              "Size": 275,
              "URL": "https://www.globalsqa.com/angularJs-protractor/BankingProject/customerViewController.js"
            },
            {
              "CompressionType": "br",
              "DataType": "application/x-javascript",
              "DownloadTime": 328,
              "EventId": 112,
              "HttpStatus": 200,
              "Size": 431,
              "URL": "https://www.globalsqa.com/angularJs-protractor/BankingProject/config.js"
            },
            {
              "CompressionType": "br",
              "DataType": "application/x-javascript",
              "DownloadTime": 266,
              "EventId": 91,
              "HttpStatus": 200,
              "Size": 409,
              "URL": "https://www.globalsqa.com/angularJs-protractor/BankingProject/addCustomerController.js"
            },
            {
              "CompressionType": "br",
              "DataType": "application/x-javascript",
              "DownloadTime": 250,
              "EventId": 88,
              "HttpStatus": 200,
              "Size": 189,
              "URL": "https://www.globalsqa.com/angularJs-protractor/BankingProject/date.search.filter.js"
            },
            {
              "CompressionType": "br",
              "DataType": "application/x-javascript",
              "DownloadTime": 234,
              "EventId": 86,
              "HttpStatus": 200,
              "Size": 652,
              "URL": "https://www.globalsqa.com/angularJs-protractor/BankingProject/accountViewController.js"
            },
            {
              "CompressionType": "br",
              "DataType": "application/x-javascript",
              "DownloadTime": 250,
              "EventId": 76,
              "HttpStatus": 200,
              "Size": 759,
              "URL": "https://www.globalsqa.com/angularJs-protractor/BankingProject/transaction.service.js"
            },
            {
              "CompressionType": "br",
              "DataType": "application/x-javascript",
              "DownloadTime": 250,
              "EventId": 73,
              "HttpStatus": 200,
              "Size": 719,
              "URL": "https://www.globalsqa.com/angularJs-protractor/BankingProject/mockDataLoadService.js"
            },
            {
              "CompressionType": "br",
              "DataType": "application/x-javascript",
              "DownloadTime": 250,
              "EventId": 71,
              "HttpStatus": 200,
              "Size": 391,
              "URL": "https://www.globalsqa.com/angularJs-protractor/BankingProject/customer.data.js"
            },
            {
              "CompressionType": "br",
              "DataType": "application/x-javascript",
              "DownloadTime": 281,
              "EventId": 62,
              "HttpStatus": 200,
              "Size": 71,
              "URL": "https://www.globalsqa.com/angularJs-protractor/BankingProject/app.js"
            },
            {
              "CompressionType": "br",
              "DataType": "application/x-javascript",
              "DownloadTime": 250,
              "EventId": 56,
              "HttpStatus": 200,
              "Size": 556,
              "URL": "https://www.globalsqa.com/angularJs-protractor/BankingProject/user.service.js"
            },
            {
              "CompressionType": "br",
              "DataType": "application/x-javascript",
              "DownloadTime": 234,
              "EventId": 54,
              "HttpStatus": 200,
              "Size": 664,
              "URL": "https://www.globalsqa.com/angularJs-protractor/BankingProject/account.service.js"
            },
            {
              "CompressionType": "br",
              "DataType": "text/css",
              "DownloadTime": 250,
              "EventId": 27,
              "HttpStatus": 200,
              "Size": 593,
              "URL": "https://www.globalsqa.com/angularJs-protractor/BankingProject/style.css"
            },
            {
              "CompressionType": "br",
              "DataType": "text/html",
              "DownloadTime": 437,
              "EventId": 22,
              "HttpStatus": 200,
              "Size": 463,
              "URL": "https://www.globalsqa.com/angularJs-protractor/BankingProject/"
            },
            {
              "CompressionType": "",
              "DataType": "text/html",
              "DownloadTime": 812,
              "EventId": 18,
              "HttpStatus": 301,
              "Size": 707,
              "URL": "https://www.globalsqa.com/angularJs-protractor/BankingProject"
            }
          ],
          "SSLCipher": "",
          "SSLVersion": ""
        }
      ],
      "IncludeInScript": true
    }
  ],
  "WebSocket": {
    "IncludeInScript": false,
    "IsScriptIncludeWebSocket": false
  },
  "NumberOfCorrelations": 0
}