{"FilterHeaders":[{"Header":"x-goog-update-updater","IncludeInScript":false},{"Header":"x-goog-update-interactivity","IncludeInScript":false},{"Header":"x-goog-update-appid","IncludeInScript":false},{"Header":"x-goog-encode-response-if-executable","IncludeInScript":false},{"Header":"x-goog-api-key","IncludeInScript":false},{"Header":"user-agent","IncludeInScript":false},{"Header":"upgrade-insecure-requests","IncludeInScript":false},{"Header":"sec-fetch-user","IncludeInScript":false},{"Header":"sec-fetch-site","IncludeInScript":false},{"Header":"sec-fetch-mode","IncludeInScript":false},{"Header":"sec-fetch-dest","IncludeInScript":false},{"Header":"sec-ch-ua-platform","IncludeInScript":false},{"Header":"sec-ch-ua-mobile","IncludeInScript":false},{"Header":"sec-ch-ua","IncludeInScript":false},{"Header":"origin","IncludeInScript":false},{"Header":"if-none-match","IncludeInScript":false},{"Header":"if-modified-since","IncludeInScript":false},{"Header":"authorization","IncludeInScript":false},{"Header":"accept-language","IncludeInScript":false},{"Header":"accept-encoding","IncludeInScript":false},{"Header":"accept","IncludeInScript":false}],"FilterResources":[{"IsNonResource":false,"type":"text/plain"},{"IsNonResource":true,"type":"text/html"},{"IsNonResource":false,"type":"text/css"},{"IsNonResource":false,"type":"image/png"},{"IsNonResource":false,"type":"application/octet-stream"},{"IsNonResource":true,"type":"application/json"},{"IsNonResource":false,"type":"application/javascript"}],"GeneralInfo":{"BrowserVersion":"","IsWinInetMode":false,"MaxUsedConnections":10,"RecordedBrowser":"Chrome","RecordingDate":"Feb-12-2024","RecordingDuration":269125,"RecordingMode":"N/A","RecordingTimeStamp":1707726440,"RecordingType":"Browser","TotalBytesReceived":32731,"TotalBytesSent":50813,"TotalRequests":48,"UserAgent":"Mozilla/5.0 (Windows NT 10.0; Win64; x64) AppleWebKit/537.36 (KHTML, like Gecko) Chrome/121.0.0.0 Safari/537.36"},"HostInfo":[{"DomainName":"herokuapp.com","Domains":[{"HTTPVersion":"HTTP/1.1","IP":"3.229.186.102","IncludeInScript":true,"Name":"thinking-tester-contact-list.herokuapp.com","Port":443,"Requests":[{"CompressionType":"","DataType":"","DownloadTime":234,"EventId":205,"HttpStatus":304,"Size":0,"URL":"https://thinking-tester-contact-list.herokuapp.com/img/thinkingTesterIcon.png"},{"CompressionType":"","DataType":"","DownloadTime":250,"EventId":203,"HttpStatus":304,"Size":0,"URL":"https://thinking-tester-contact-list.herokuapp.com/img/thinkingTesterLogo.png"},{"CompressionType":"","DataType":"","DownloadTime":250,"EventId":201,"HttpStatus":304,"Size":0,"URL":"https://thinking-tester-contact-list.herokuapp.com/css/styles.css"},{"CompressionType":"","DataType":"","DownloadTime":234,"EventId":199,"HttpStatus":304,"Size":0,"URL":"https://thinking-tester-contact-list.herokuapp.com/js/login.js"},{"CompressionType":"","DataType":"","DownloadTime":234,"EventId":197,"HttpStatus":304,"Size":0,"URL":"https://thinking-tester-contact-list.herokuapp.com/"},{"CompressionType":"","DataType":"","DownloadTime":250,"EventId":195,"HttpStatus":304,"Size":0,"URL":"https://thinking-tester-contact-list.herokuapp.com/img/thinkingTesterIcon.png"},{"CompressionType":"","DataType":"","DownloadTime":250,"EventId":193,"HttpStatus":200,"Size":0,"URL":"https://thinking-tester-contact-list.herokuapp.com/users/logout"},{"CompressionType":"","DataType":"","DownloadTime":234,"EventId":191,"HttpStatus":304,"Size":0,"URL":"https://thinking-tester-contact-list.herokuapp.com/css/styles.css"},{"CompressionType":"","DataType":"application/javascript","DownloadTime":234,"EventId":189,"HttpStatus":200,"Size":343,"URL":"https://thinking-tester-contact-list.herokuapp.com/js/logout.js"},{"CompressionType":"","DataType":"text/html","DownloadTime":250,"EventId":187,"HttpStatus":200,"Size":234,"URL":"https://thinking-tester-contact-list.herokuapp.com/logout"},{"CompressionType":"","DataType":"application/json","DownloadTime":250,"EventId":183,"HttpStatus":200,"Size":182,"URL":"https://thinking-tester-contact-list.herokuapp.com/contacts"},{"CompressionType":"","DataType":"","DownloadTime":235,"EventId":181,"HttpStatus":304,"Size":0,"URL":"https://thinking-tester-contact-list.herokuapp.com/img/thinkingTesterIcon.png"},{"CompressionType":"","DataType":"","DownloadTime":250,"EventId":179,"HttpStatus":304,"Size":0,"URL":"https://thinking-tester-contact-list.herokuapp.com/js/contactList.js"},{"CompressionType":"","DataType":"","DownloadTime":250,"EventId":175,"HttpStatus":304,"Size":0,"URL":"https://thinking-tester-contact-list.herokuapp.com/img/thinkingTesterLogo.png"},{"CompressionType":"","DataType":"","DownloadTime":235,"EventId":171,"HttpStatus":304,"Size":0,"URL":"https://thinking-tester-contact-list.herokuapp.com/css/styles.css"},{"CompressionType":"","DataType":"","DownloadTime":250,"EventId":167,"HttpStatus":304,"Size":0,"URL":"https://thinking-tester-contact-list.herokuapp.com/contactList"},{"CompressionType":"","DataType":"application/json","DownloadTime":265,"EventId":165,"HttpStatus":201,"Size":180,"URL":"https://thinking-tester-contact-list.herokuapp.com/contacts"},{"CompressionType":"","DataType":"application/json","DownloadTime":266,"EventId":162,"HttpStatus":400,"Size":385,"URL":"https://thinking-tester-contact-list.herokuapp.com/contacts"},{"CompressionType":"","DataType":"application/json","DownloadTime":250,"EventId":160,"HttpStatus":400,"Size":385,"URL":"https://thinking-tester-contact-list.herokuapp.com/contacts"},{"CompressionType":"","DataType":"application/json","DownloadTime":250,"EventId":158,"HttpStatus":400,"Size":385,"URL":"https://thinking-tester-contact-list.herokuapp.com/contacts"},{"CompressionType":"","DataType":"application/json","DownloadTime":250,"EventId":154,"HttpStatus":400,"Size":385,"URL":"https://thinking-tester-contact-list.herokuapp.com/contacts"},{"CompressionType":"","DataType":"","DownloadTime":250,"EventId":148,"HttpStatus":304,"Size":0,"URL":"https://thinking-tester-contact-list.herokuapp.com/img/thinkingTesterIcon.png"},{"CompressionType":"","DataType":"application/javascript","DownloadTime":250,"EventId":146,"HttpStatus":200,"Size":2131,"URL":"https://thinking-tester-contact-list.herokuapp.com/js/addContact.js"},{"CompressionType":"","DataType":"","DownloadTime":250,"EventId":144,"HttpStatus":304,"Size":0,"URL":"https://thinking-tester-contact-list.herokuapp.com/css/styles.css"},{"CompressionType":"","DataType":"","DownloadTime":234,"EventId":142,"HttpStatus":304,"Size":0,"URL":"https://thinking-tester-contact-list.herokuapp.com/img/thinkingTesterLogo.png"},{"CompressionType":"","DataType":"text/html","DownloadTime":250,"EventId":140,"HttpStatus":200,"Size":2482,"URL":"https://thinking-tester-contact-list.herokuapp.com/addContact"},{"CompressionType":"","DataType":"","DownloadTime":250,"EventId":136,"HttpStatus":304,"Size":0,"URL":"https://thinking-tester-contact-list.herokuapp.com/img/thinkingTesterIcon.png"},{"CompressionType":"","DataType":"application/json","DownloadTime":234,"EventId":129,"HttpStatus":200,"Size":2,"URL":"https://thinking-tester-contact-list.herokuapp.com/contacts"},{"CompressionType":"","DataType":"application/javascript","DownloadTime":235,"EventId":126,"HttpStatus":200,"Size":3860,"URL":"https://thinking-tester-contact-list.herokuapp.com/js/contactList.js"},{"CompressionType":"","DataType":"","DownloadTime":235,"EventId":124,"HttpStatus":304,"Size":0,"URL":"https://thinking-tester-contact-list.herokuapp.com/img/thinkingTesterLogo.png"},{"CompressionType":"","DataType":"","DownloadTime":235,"EventId":119,"HttpStatus":304,"Size":0,"URL":"https://thinking-tester-contact-list.herokuapp.com/css/styles.css"},{"CompressionType":"","DataType":"text/html","DownloadTime":234,"EventId":116,"HttpStatus":200,"Size":849,"URL":"https://thinking-tester-contact-list.herokuapp.com/contactList"},{"CompressionType":"","DataType":"application/json","DownloadTime":281,"EventId":114,"HttpStatus":201,"Size":274,"URL":"https://thinking-tester-contact-list.herokuapp.com/users"},{"CompressionType":"","DataType":"application/json","DownloadTime":250,"EventId":112,"HttpStatus":400,"Size":45,"URL":"https://thinking-tester-contact-list.herokuapp.com/users"},{"CompressionType":"","DataType":"application/json","DownloadTime":266,"EventId":110,"HttpStatus":400,"Size":45,"URL":"https://thinking-tester-contact-list.herokuapp.com/users"},{"CompressionType":"","DataType":"","DownloadTime":250,"EventId":78,"HttpStatus":304,"Size":0,"URL":"https://thinking-tester-contact-list.herokuapp.com/img/thinkingTesterIcon.png"},{"CompressionType":"","DataType":"application/javascript","DownloadTime":235,"EventId":72,"HttpStatus":200,"Size":1129,"URL":"https://thinking-tester-contact-list.herokuapp.com/js/addUser.js"},{"CompressionType":"","DataType":"","DownloadTime":235,"EventId":70,"HttpStatus":304,"Size":0,"URL":"https://thinking-tester-contact-list.herokuapp.com/img/thinkingTesterLogo.png"},{"CompressionType":"","DataType":"","DownloadTime":235,"EventId":65,"HttpStatus":304,"Size":0,"URL":"https://thinking-tester-contact-list.herokuapp.com/css/styles.css"},{"CompressionType":"","DataType":"text/html","DownloadTime":234,"EventId":62,"HttpStatus":200,"Size":1161,"URL":"https://thinking-tester-contact-list.herokuapp.com/addUser"},{"CompressionType":"","DataType":"image/png","DownloadTime":234,"EventId":30,"HttpStatus":200,"Size":1173,"URL":"https://thinking-tester-contact-list.herokuapp.com/img/thinkingTesterIcon.png"},{"CompressionType":"","DataType":"application/javascript","DownloadTime":250,"EventId":26,"HttpStatus":200,"Size":907,"URL":"https://thinking-tester-contact-list.herokuapp.com/js/login.js"},{"CompressionType":"","DataType":"image/png","DownloadTime":468,"EventId":22,"HttpStatus":200,"Size":12718,"URL":"https://thinking-tester-contact-list.herokuapp.com/img/thinkingTesterLogo.png"},{"CompressionType":"","DataType":"text/css","DownloadTime":235,"EventId":16,"HttpStatus":200,"Size":913,"URL":"https://thinking-tester-contact-list.herokuapp.com/css/styles.css"},{"CompressionType":"","DataType":"text/html","DownloadTime":250,"EventId":12,"HttpStatus":200,"Size":1303,"URL":"https://thinking-tester-contact-list.herokuapp.com/"}],"SSLCipher":"ECDHE-RSA-AES128-GCM-SHA256","SSLVersion":"TLS1.2"}],"IncludeInScript":true},{"DomainName":"googleapis.com","Domains":[{"HTTPVersion":"HTTP/1.1","IP":"142.250.205.227","IncludeInScript":true,"Name":"update.googleapis.com","Port":443,"Requests":[{"CompressionType":"gzip","DataType":"application/json","DownloadTime":297,"EventId":92,"HttpStatus":200,"Size":890,"URL":"https://update.googleapis.com/service/update2/json?cup2key=13:X3NvK_ZX1Ndk4t1KJOE3dv_lYo3RCtVh3gyjRB3KdJ4&cup2hreq=ac12ae21c23385eaed95f79186c0f8503a5db340f25f3697e5c8d2fc035ce606"}],"SSLCipher":"TLS_AES_256_GCM_SHA384","SSLVersion":"TLS1.3"},{"HTTPVersion":"HTTP/1.1","IP":"142.250.196.42","IncludeInScript":true,"Name":"content-autofill.googleapis.com","Port":443,"Requests":[{"CompressionType":"gzip","DataType":"text/plain","DownloadTime":109,"EventId":36,"HttpStatus":200,"Size":60,"URL":"https://content-autofill.googleapis.com/v1/pages/ChVDaHJvbWUvMTIxLjAuNjE2Ny4xNjESIAmd3CIW3paY3xIFDXhvEhkSBQ3OQUx6IUHXDn_3wAwC?alt=proto"}],"SSLCipher":"TLS_AES_256_GCM_SHA384","SSLVersion":"TLS1.3"}],"IncludeInScript":true},{"DomainName":"google.com","Domains":[{"HTTPVersion":"HTTP/1.1","IP":"142.250.195.142","IncludeInScript":true,"Name":"sb-ssl.google.com","Port":443,"Requests":[{"CompressionType":"","DataType":"application/octet-stream","DownloadTime":172,"EventId":103,"HttpStatus":200,"Size":310,"URL":"https://sb-ssl.google.com/safebrowsing/clientreport/login?key=AIzaSyBOti4mM-6x9WDnZIjIeyEU21OpBXqWBgw"}],"SSLCipher":"TLS_AES_256_GCM_SHA384","SSLVersion":"TLS1.3"}],"IncludeInScript":true}],"WebSocket":{"IncludeInScript":false,"IsScriptIncludeWebSocket":false}}