{
  "FilterHeaders": [
    {
      "Header": "x-goog-update-updater",
      "IncludeInScript": false
    },
    {
      "Header": "x-goog-update-interactivity",
      "IncludeInScript": false
    },
    {
      "Header": "x-goog-update-appid",
      "IncludeInScript": false
    },
    {
      "Header": "x-goog-encode-response-if-executable",
      "IncludeInScript": false
    },
    {
      "Header": "x-goog-api-key",
      "IncludeInScript": false
    },
    {
      "Header": "user-agent",
      "IncludeInScript": false
    },
    {
      "Header": "upgrade-insecure-requests",
      "IncludeInScript": false
    },
    {
      "Header": "sec-fetch-site",
      "IncludeInScript": false
    },
    {
      "Header": "sec-fetch-mode",
      "IncludeInScript": false
    },
    {
      "Header": "sec-fetch-dest",
      "IncludeInScript": false
    },
    {
      "Header": "sec-ch-ua-platform",
      "IncludeInScript": false
    },
    {
      "Header": "sec-ch-ua-mobile",
      "IncludeInScript": false
    },
    {
      "Header": "sec-ch-ua",
      "IncludeInScript": false
    },
    {
      "Header": "origin",
      "IncludeInScript": false
    },
    {
      "Header": "if-none-match",
      "IncludeInScript": false
    },
    {
      "Header": "cache-control",
      "IncludeInScript": false
    },
    {
      "Header": "accept-language",
      "IncludeInScript": false
    },
    {
      "Header": "accept-encoding",
      "IncludeInScript": false
    },
    {
      "Header": "accept",
      "IncludeInScript": false
    },
    {
      "Header": "a-im",
      "IncludeInScript": false
    }
  ],
  "FilterResources": [
    {
      "IsNonResource": false,
      "type": "text/plain"
    },
    {
      "IsNonResource": false,
      "type": "text/javascript"
    },
    {
      "IsNonResource": true,
      "type": "text/html"
    },
    {
      "IsNonResource": false,
      "type": "text/css"
    },
    {
      "IsNonResource": false,
      "type": "image/x-icon"
    },
    {
      "IsNonResource": false,
      "type": "image/jpeg"
    },
    {
      "IsNonResource": false,
      "type": "image/gif"
    },
    {
      "IsNonResource": true,
      "type": "application/json"
    },
    {
      "IsNonResource": false,
      "type": "application/javascript"
    }
  ],
  "GeneralInfo": {
    "BrowserVersion": "",
    "IsWinInetMode": false,
    "MaxUsedConnections": 15,
    "RecordedBrowser": "Chrome",
    "RecordingDate": "Feb-19-2024",
    "RecordingDuration": 121078,
    "RecordingMode": "N/A",
    "RecordingTimeStamp": 1708337496,
    "RecordingType": "Browser",
    "TotalBytesReceived": 243312,
    "TotalBytesSent": 44043,
    "TotalRequests": 44,
    "UserAgent": "Mozilla/5.0 (Windows NT 10.0; Win64; x64) AppleWebKit/537.36 (KHTML, like Gecko) Chrome/121.0.0.0 Safari/537.36"
  },
  "HostInfo": [
    {
      "DomainName": "loadrunnertips.com",
      "Domains": [
        {
          "HTTPVersion": "HTTP/1.1",
          "IP": "50.63.8.83",
          "IncludeInScript": true,
          "Name": "loadrunnertips.com",
          "Port": 80,
          "Requests": [
            {
              "CompressionType": "gzip",
              "DataType": "text/html",
              "DownloadTime": 578,
              "EventId": 283,
              "HttpStatus": 200,
              "Size": 10672,
              "URL": "http://loadrunnertips.com/LoadRunner_Correlation_Challenge_Mod.aspx?dd=1&game=Volleyball"
            },
            {
              "CompressionType": "gzip",
              "DataType": "text/html",
              "DownloadTime": 265,
              "EventId": 260,
              "HttpStatus": 200,
              "Size": 24124,
              "URL": "http://loadrunnertips.com/LoadRunner_Correlation_Challenge_Mod.aspx?dd=1&game=Volleyball"
            },
            {
              "CompressionType": "gzip",
              "DataType": "text/html",
              "DownloadTime": 266,
              "EventId": 254,
              "HttpStatus": 200,
              "Size": 12549,
              "URL": "http://loadrunnertips.com/LoadRunner_Correlation_Challenge_Mod.aspx"
            },
            {
              "CompressionType": "gzip",
              "DataType": "text/html",
              "DownloadTime": 265,
              "EventId": 241,
              "HttpStatus": 200,
              "Size": 11118,
              "URL": "http://loadrunnertips.com/LoadRunner_Correlation_Challenge_Mod.aspx"
            },
            {
              "CompressionType": "gzip",
              "DataType": "text/html",
              "DownloadTime": 266,
              "EventId": 228,
              "HttpStatus": 200,
              "Size": 12967,
              "URL": "http://loadrunnertips.com/LoadRunner_Correlation_Challenge_Mod.aspx"
            },
            {
              "CompressionType": "",
              "DataType": "text/html",
              "DownloadTime": 265,
              "EventId": 226,
              "HttpStatus": 302,
              "Size": 159,
              "URL": "http://loadrunnertips.com/LoadRunner_Correlation_Challenge_Mod.aspx?dd=1&game=Rugby%20Union"
            },
            {
              "CompressionType": "gzip",
              "DataType": "text/html",
              "DownloadTime": 281,
              "EventId": 202,
              "HttpStatus": 200,
              "Size": 12597,
              "URL": "http://loadrunnertips.com/LoadRunner_Correlation_Challenge_Mod.aspx"
            },
            {
              "CompressionType": "gzip",
              "DataType": "text/html",
              "DownloadTime": 282,
              "EventId": 183,
              "HttpStatus": 200,
              "Size": 11118,
              "URL": "http://loadrunnertips.com/LoadRunner_Correlation_Challenge_Mod.aspx"
            },
            {
              "CompressionType": "gzip",
              "DataType": "application/javascript",
              "DownloadTime": 266,
              "EventId": 167,
              "HttpStatus": 200,
              "Size": 1164,
              "URL": "http://loadrunnertips.com/JS/JScript_CC.js"
            },
            {
              "CompressionType": "gzip",
              "DataType": "text/html",
              "DownloadTime": 297,
              "EventId": 161,
              "HttpStatus": 200,
              "Size": 12967,
              "URL": "http://loadrunnertips.com/LoadRunner_Correlation_Challenge_Mod.aspx"
            },
            {
              "CompressionType": "",
              "DataType": "image/x-icon",
              "DownloadTime": 282,
              "EventId": 65,
              "HttpStatus": 200,
              "Size": 1150,
              "URL": "http://loadrunnertips.com/favicon.ico"
            },
            {
              "CompressionType": "",
              "DataType": "image/jpeg",
              "DownloadTime": 266,
              "EventId": 40,
              "HttpStatus": 200,
              "Size": 1567,
              "URL": "http://loadrunnertips.com/img/images.jpg"
            },
            {
              "CompressionType": "",
              "DataType": "image/gif",
              "DownloadTime": 265,
              "EventId": 25,
              "HttpStatus": 200,
              "Size": 1613,
              "URL": "http://loadrunnertips.com/IMG/LR.gif"
            },
            {
              "CompressionType": "gzip",
              "DataType": "text/css",
              "DownloadTime": 266,
              "EventId": 23,
              "HttpStatus": 200,
              "Size": 3437,
              "URL": "http://loadrunnertips.com/JS/StyleSheet.css"
            },
            {
              "CompressionType": "gzip",
              "DataType": "text/html",
              "DownloadTime": 281,
              "EventId": 12,
              "HttpStatus": 200,
              "Size": 18433,
              "URL": "http://loadrunnertips.com/"
            }
          ],
          "SSLCipher": "None",
          "SSLVersion": "None"
        }
      ],
      "IncludeInScript": true
    },
    {
      "DomainName": "googletagmanager.com",
      "Domains": [
        {
          "HTTPVersion": "HTTP/1.1",
          "IP": "142.250.182.72",
          "IncludeInScript": true,
          "Name": "www.googletagmanager.com",
          "Port": 443,
          "Requests": [
            {
              "CompressionType": "br",
              "DataType": "application/javascript",
              "DownloadTime": 79,
              "EventId": 70,
              "HttpStatus": 200,
              "Size": 85608,
              "URL": "https://www.googletagmanager.com/gtag/js?id=G-7JE8RPG7Y7&cx=c&_slc=1"
            }
          ],
          "SSLCipher": "TLS_AES_256_GCM_SHA384",
          "SSLVersion": "TLS1.3"
        }
      ],
      "IncludeInScript": true
    },
    {
      "DomainName": "googlesyndication.com",
      "Domains": [
        {
          "HTTPVersion": "HTTP/1.1",
          "IP": "142.250.195.194",
          "IncludeInScript": true,
          "Name": "pagead2.googlesyndication.com",
          "Port": 80,
          "Requests": [
            {
              "CompressionType": "",
              "DataType": "",
              "DownloadTime": 63,
              "EventId": 247,
              "HttpStatus": 307,
              "Size": 0,
              "URL": "http://pagead2.googlesyndication.com/pagead/js/adsbygoogle.js"
            },
            {
              "CompressionType": "",
              "DataType": "",
              "DownloadTime": 47,
              "EventId": 234,
              "HttpStatus": 307,
              "Size": 0,
              "URL": "http://pagead2.googlesyndication.com/pagead/js/adsbygoogle.js"
            },
            {
              "CompressionType": "",
              "DataType": "",
              "DownloadTime": 62,
              "EventId": 208,
              "HttpStatus": 307,
              "Size": 0,
              "URL": "http://pagead2.googlesyndication.com/pagead/js/adsbygoogle.js"
            },
            {
              "CompressionType": "",
              "DataType": "",
              "DownloadTime": 47,
              "EventId": 189,
              "HttpStatus": 307,
              "Size": 0,
              "URL": "http://pagead2.googlesyndication.com/pagead/js/adsbygoogle.js"
            },
            {
              "CompressionType": "",
              "DataType": "",
              "DownloadTime": 47,
              "EventId": 170,
              "HttpStatus": 307,
              "Size": 0,
              "URL": "http://pagead2.googlesyndication.com/pagead/js/adsbygoogle.js"
            },
            {
              "CompressionType": "",
              "DataType": "",
              "DownloadTime": 47,
              "EventId": 33,
              "HttpStatus": 307,
              "Size": 0,
              "URL": "http://pagead2.googlesyndication.com/pagead/js/adsbygoogle.js"
            }
          ],
          "SSLCipher": "None",
          "SSLVersion": "None"
        }
      ],
      "IncludeInScript": true
    },
    {
      "DomainName": "googleapis.com",
      "Domains": [
        {
          "HTTPVersion": "HTTP/1.1",
          "IP": "172.217.160.131",
          "IncludeInScript": true,
          "Name": "update.googleapis.com",
          "Port": 443,
          "Requests": [
            {
              "CompressionType": "gzip",
              "DataType": "application/json",
              "DownloadTime": 266,
              "EventId": 222,
              "HttpStatus": 200,
              "Size": 904,
              "URL": "https://update.googleapis.com/service/update2/json?cup2key=13:cODIJxlfe1yHv_Ipg9P-UgmlcAnO0j1P_mvqWmuUGek&cup2hreq=7ec0b98eee3e4ceba79d159f6016ddd6c4dbdeaa8d56461f80e84273b7e63715"
            }
          ],
          "SSLCipher": "TLS_AES_256_GCM_SHA384",
          "SSLVersion": "TLS1.3"
        },
        {
          "HTTPVersion": "HTTP/1.1",
          "IP": "142.250.195.106",
          "IncludeInScript": true,
          "Name": "content-autofill.googleapis.com",
          "Port": 443,
          "Requests": [
            {
              "CompressionType": "gzip",
              "DataType": "text/plain",
              "DownloadTime": 109,
              "EventId": 198,
              "HttpStatus": 200,
              "Size": 36,
              "URL": "https://content-autofill.googleapis.com/v1/pages/ChVDaHJvbWUvMTIxLjAuNjE2Ny4xODUSGQme3hZIcPy3aBIFDVCogv0h7n1w3PVcIlE=?alt=proto"
            }
          ],
          "SSLCipher": "TLS_AES_256_GCM_SHA384",
          "SSLVersion": "TLS1.3"
        },
        {
          "HTTPVersion": "HTTP/1.1",
          "IP": "142.250.195.67",
          "IncludeInScript": true,
          "Name": "clientservices.googleapis.com",
          "Port": 443,
          "Requests": [
            {
              "CompressionType": "",
              "DataType": "",
              "DownloadTime": 219,
              "EventId": 16,
              "HttpStatus": 304,
              "Size": 0,
              "URL": "https://clientservices.googleapis.com/chrome-variations/seed?osname=win&channel=stable&milestone=121"
            }
          ],
          "SSLCipher": "",
          "SSLVersion": ""
        }
      ],
      "IncludeInScript": true
    },
    {
      "DomainName": "google-analytics.com",
      "Domains": [
        {
          "HTTPVersion": "HTTP/1.1",
          "IP": "142.250.193.110",
          "IncludeInScript": true,
          "Name": "www.google-analytics.com",
          "Port": 443,
          "Requests": [
            {
              "CompressionType": "",
              "DataType": "text/plain",
              "DownloadTime": 63,
              "EventId": 292,
              "HttpStatus": 204,
              "Size": 0,
              "URL": "https://www.google-analytics.com/g/collect?v=2&tid=G-7JE8RPG7Y7&gtm=45je42e0v9134516205za200&_p=1708337614689&gcd=13l3l3l3l2&npa=0&dma=0&ul=en-gb&sr=1280x720&cid=980661036.1708337501&are=1&pscdl=noapi&_eu=ABAI&_s=1&dl=http%3A%2F%2Floadrunnertips.com%2FLoadRunner_Correlation_Challenge_Mod.aspx%3Fdd%3D1%26game%3DVolleyball&dt=LoadRunner%3A%20Correlation%20Challenge&sid=1708337502&sct=1&seg=1&en=page_view&_ee=1&tfd=5790"
            },
            {
              "CompressionType": "",
              "DataType": "text/plain",
              "DownloadTime": 62,
              "EventId": 289,
              "HttpStatus": 200,
              "Size": 15,
              "URL": "https://www.google-analytics.com/j/collect?v=1&_v=j101&a=1799622629&t=pageview&_s=1&dl=http%3A%2F%2Floadrunnertips.com%2FLoadRunner_Correlation_Challenge_Mod.aspx%3Fdd%3D1%26game%3DVolleyball&ul=en-gb&de=UTF-8&dt=LoadRunner%3A%20Correlation%20Challenge&sd=24-bit&sr=1280x720&vp=1263x593&je=0&_u=AACAAEABAAAAACAAI~&jid=&gjid=&cid=980661036.1708337501&tid=UA-54539864-2&_gid=1672187656.1708337501&_slc=1&z=2070918159"
            },
            {
              "CompressionType": "",
              "DataType": "text/plain",
              "DownloadTime": 63,
              "EventId": 274,
              "HttpStatus": 204,
              "Size": 0,
              "URL": "https://www.google-analytics.com/g/collect?v=2&tid=G-7JE8RPG7Y7&gtm=45je42e0v9134516205za200&_p=1708337581914&gcd=13l3l3l3l2&npa=0&dma=0&ul=en-gb&sr=1280x720&cid=980661036.1708337501&are=1&pscdl=noapi&_eu=ABAI&_s=1&dl=http%3A%2F%2Floadrunnertips.com%2FLoadRunner_Correlation_Challenge_Mod.aspx%3Fdd%3D1%26game%3DVolleyball&dt=LoadRunner%3A%20Correlation%20Challenge&sid=1708337502&sct=1&seg=1&en=page_view&_ee=1&tfd=5470"
            },
            {
              "CompressionType": "",
              "DataType": "text/plain",
              "DownloadTime": 62,
              "EventId": 269,
              "HttpStatus": 200,
              "Size": 15,
              "URL": "https://www.google-analytics.com/j/collect?v=1&_v=j101&a=2141882811&t=pageview&_s=1&dl=http%3A%2F%2Floadrunnertips.com%2FLoadRunner_Correlation_Challenge_Mod.aspx%3Fdd%3D1%26game%3DVolleyball&ul=en-gb&de=UTF-8&dt=LoadRunner%3A%20Correlation%20Challenge&sd=24-bit&sr=1280x720&vp=1263x593&je=0&_u=AACAAEABAAAAACAAI~&jid=&gjid=&cid=980661036.1708337501&tid=UA-54539864-2&_gid=1672187656.1708337501&_slc=1&z=829408401"
            },
            {
              "CompressionType": "",
              "DataType": "text/plain",
              "DownloadTime": 62,
              "EventId": 266,
              "HttpStatus": 204,
              "Size": 0,
              "URL": "https://www.google-analytics.com/g/collect?v=2&tid=G-7JE8RPG7Y7&gtm=45je42e0v9134516205za200&_p=1708337578636&gcd=13l3l3l3l2&npa=0&dma=0&ul=en-gb&sr=1280x720&cid=980661036.1708337501&are=1&pscdl=noapi&_eu=ABAI&_s=1&dl=http%3A%2F%2Floadrunnertips.com%2FLoadRunner_Correlation_Challenge_Mod.aspx&dt=LoadRunner%3A%20Correlation%20Challenge&sid=1708337502&sct=1&seg=1&en=page_view&_ee=1&tfd=3524"
            },
            {
              "CompressionType": "",
              "DataType": "text/plain",
              "DownloadTime": 62,
              "EventId": 258,
              "HttpStatus": 200,
              "Size": 15,
              "URL": "https://www.google-analytics.com/j/collect?v=1&_v=j101&a=1646709471&t=pageview&_s=1&dl=http%3A%2F%2Floadrunnertips.com%2FLoadRunner_Correlation_Challenge_Mod.aspx&ul=en-gb&de=UTF-8&dt=LoadRunner%3A%20Correlation%20Challenge&sd=24-bit&sr=1280x720&vp=1263x593&je=0&_u=AACAAEABAAAAACAAI~&jid=&gjid=&cid=980661036.1708337501&tid=UA-54539864-2&_gid=1672187656.1708337501&_slc=1&z=1714283486"
            },
            {
              "CompressionType": "",
              "DataType": "text/plain",
              "DownloadTime": 63,
              "EventId": 252,
              "HttpStatus": 204,
              "Size": 0,
              "URL": "https://www.google-analytics.com/g/collect?v=2&tid=G-7JE8RPG7Y7&gtm=45je42e0v9134516205za200&_p=1708337571034&gcd=13l3l3l3l2&npa=0&dma=0&ul=en-gb&sr=1280x720&cid=980661036.1708337501&are=1&pscdl=noapi&_eu=ABAI&_s=1&dl=http%3A%2F%2Floadrunnertips.com%2FLoadRunner_Correlation_Challenge_Mod.aspx&dt=LoadRunner%3A%20Correlation%20Challenge&sid=1708337502&sct=1&seg=1&en=page_view&_ee=1&tfd=5477"
            },
            {
              "CompressionType": "",
              "DataType": "text/plain",
              "DownloadTime": 63,
              "EventId": 249,
              "HttpStatus": 200,
              "Size": 15,
              "URL": "https://www.google-analytics.com/j/collect?v=1&_v=j101&a=2127601043&t=pageview&_s=1&dl=http%3A%2F%2Floadrunnertips.com%2FLoadRunner_Correlation_Challenge_Mod.aspx&ul=en-gb&de=UTF-8&dt=LoadRunner%3A%20Correlation%20Challenge&sd=24-bit&sr=1280x720&vp=1263x593&je=0&_u=AACAAEABAAAAACAAI~&jid=&gjid=&cid=980661036.1708337501&tid=UA-54539864-2&_gid=1672187656.1708337501&_slc=1&z=1692358002"
            },
            {
              "CompressionType": "",
              "DataType": "text/plain",
              "DownloadTime": 63,
              "EventId": 239,
              "HttpStatus": 204,
              "Size": 0,
              "URL": "https://www.google-analytics.com/g/collect?v=2&tid=G-7JE8RPG7Y7&gtm=45je42e0v9134516205za200&_p=1708337563589&gcd=13l3l3l3l2&npa=0&dma=0&ul=en-gb&sr=1280x720&cid=980661036.1708337501&are=1&pscdl=noapi&_eu=ABAI&_s=1&dl=http%3A%2F%2Floadrunnertips.com%2FLoadRunner_Correlation_Challenge_Mod.aspx&dt=LoadRunner%3A%20Correlation%20Challenge&sid=1708337502&sct=1&seg=1&en=page_view&_ee=1&tfd=5745"
            },
            {
              "CompressionType": "",
              "DataType": "text/plain",
              "DownloadTime": 62,
              "EventId": 237,
              "HttpStatus": 200,
              "Size": 15,
              "URL": "https://www.google-analytics.com/j/collect?v=1&_v=j101&a=45689824&t=pageview&_s=1&dl=http%3A%2F%2Floadrunnertips.com%2FLoadRunner_Correlation_Challenge_Mod.aspx&ul=en-gb&de=UTF-8&dt=LoadRunner%3A%20Correlation%20Challenge&sd=24-bit&sr=1280x720&vp=1263x593&je=0&_u=AACAAEABAAAAACAAI~&jid=1805597704&gjid=1129185620&cid=980661036.1708337501&tid=UA-54539864-2&_gid=1672187656.1708337501&_r=1&_slc=1&z=1528155730"
            },
            {
              "CompressionType": "",
              "DataType": "text/plain",
              "DownloadTime": 62,
              "EventId": 215,
              "HttpStatus": 204,
              "Size": 0,
              "URL": "https://www.google-analytics.com/g/collect?v=2&tid=G-7JE8RPG7Y7&gtm=45je42e0v9134516205za200&_p=1708337550814&gcd=13l3l3l3l2&npa=0&dma=0&ul=en-gb&sr=1280x720&cid=980661036.1708337501&are=1&pscdl=noapi&_eu=ABAI&_s=1&dl=http%3A%2F%2Floadrunnertips.com%2FLoadRunner_Correlation_Challenge_Mod.aspx&dt=LoadRunner%3A%20Correlation%20Challenge&sid=1708337502&sct=1&seg=1&en=page_view&_ee=1&tfd=5475"
            },
            {
              "CompressionType": "",
              "DataType": "text/plain",
              "DownloadTime": 62,
              "EventId": 211,
              "HttpStatus": 200,
              "Size": 15,
              "URL": "https://www.google-analytics.com/j/collect?v=1&_v=j101&a=805961319&t=pageview&_s=1&dl=http%3A%2F%2Floadrunnertips.com%2FLoadRunner_Correlation_Challenge_Mod.aspx&ul=en-gb&de=UTF-8&dt=LoadRunner%3A%20Correlation%20Challenge&sd=24-bit&sr=1280x720&vp=1263x593&je=0&_u=AACAAEABAAAAACAAI~&jid=&gjid=&cid=980661036.1708337501&tid=UA-54539864-2&_gid=1672187656.1708337501&_slc=1&z=1894909441"
            },
            {
              "CompressionType": "",
              "DataType": "text/plain",
              "DownloadTime": 62,
              "EventId": 200,
              "HttpStatus": 204,
              "Size": 0,
              "URL": "https://www.google-analytics.com/g/collect?v=2&tid=G-7JE8RPG7Y7&gtm=45je42e0v9134516205za200&_p=1708337543639&gcd=13l3l3l3l2&npa=0&dma=0&ul=en-gb&sr=1280x720&cid=980661036.1708337501&are=1&pscdl=noapi&_eu=ABAI&_s=1&dl=http%3A%2F%2Floadrunnertips.com%2FLoadRunner_Correlation_Challenge_Mod.aspx&dt=LoadRunner%3A%20Correlation%20Challenge&sid=1708337502&sct=1&seg=1&en=page_view&_ee=1&tfd=14235"
            },
            {
              "CompressionType": "",
              "DataType": "text/plain",
              "DownloadTime": 62,
              "EventId": 194,
              "HttpStatus": 200,
              "Size": 15,
              "URL": "https://www.google-analytics.com/j/collect?v=1&_v=j101&a=1251816141&t=pageview&_s=1&dl=http%3A%2F%2Floadrunnertips.com%2FLoadRunner_Correlation_Challenge_Mod.aspx&ul=en-gb&de=UTF-8&dt=LoadRunner%3A%20Correlation%20Challenge&sd=24-bit&sr=1280x720&vp=1263x593&je=0&_u=AACAAEABAAAAACAAI~&jid=&gjid=&cid=980661036.1708337501&tid=UA-54539864-2&_gid=1672187656.1708337501&_slc=1&z=705471383"
            },
            {
              "CompressionType": "",
              "DataType": "text/plain",
              "DownloadTime": 47,
              "EventId": 181,
              "HttpStatus": 204,
              "Size": 0,
              "URL": "https://www.google-analytics.com/g/collect?v=2&tid=G-7JE8RPG7Y7&gtm=45je42e0v9134516205za200&_p=1708337524723&gcd=13l3l3l3l2&npa=0&dma=0&ul=en-gb&sr=1280x720&cid=980661036.1708337501&are=1&pscdl=noapi&_eu=ABAI&_s=1&dl=http%3A%2F%2Floadrunnertips.com%2FLoadRunner_Correlation_Challenge_Mod.aspx&dt=LoadRunner%3A%20Correlation%20Challenge&sid=1708337502&sct=1&seg=1&en=page_view&_ee=1&_et=1&tfd=9374"
            },
            {
              "CompressionType": "",
              "DataType": "text/plain",
              "DownloadTime": 297,
              "EventId": 179,
              "HttpStatus": 200,
              "Size": 15,
              "URL": "https://www.google-analytics.com/j/collect?v=1&_v=j101&a=1527091654&t=pageview&_s=1&dl=http%3A%2F%2Floadrunnertips.com%2FLoadRunner_Correlation_Challenge_Mod.aspx&ul=en-gb&de=UTF-8&dt=LoadRunner%3A%20Correlation%20Challenge&sd=24-bit&sr=1280x720&vp=1263x593&je=0&_u=AACAAEABAAAAACAAI~&jid=&gjid=&cid=980661036.1708337501&tid=UA-54539864-2&_gid=1672187656.1708337501&_slc=1&z=2133210676"
            },
            {
              "CompressionType": "",
              "DataType": "text/plain",
              "DownloadTime": 62,
              "EventId": 139,
              "HttpStatus": 204,
              "Size": 0,
              "URL": "https://www.google-analytics.com/g/collect?v=2&tid=G-7JE8RPG7Y7&gtm=45je42e0v9134516205za200&_p=1708337501158&gcd=13l3l3l3l2&npa=0&dma=0&ul=en-gb&sr=1280x720&cid=980661036.1708337501&are=1&pscdl=noapi&_eu=ABAI&_s=1&dl=http%3A%2F%2Floadrunnertips.com%2F&dt=Load%20Runner%20Tips-%20Performance%20testing%2C%20load%20testing%2C%20stress%20testing%2C%20soak%20testing%2C%20endurances%20testing%20tool%2CVuGen%20script%20creation%2C%20Load%20Runner%20Correlation%2C%20LR%20Scripting%2C%20Load%20Runner%20parameterization%2C%20Load%20Runner%20transaction%20naming%2CLR%20think%20time%2C%20LR%20transaction%2C%20web%20reg%20save%20param%2C%20Web%20reg%20find%2C%20Lr%20pacing&sid=1708337502&sct=1&seg=0&en=page_view&_fv=1&_ss=1&_ee=1&tfd=4531"
            },
            {
              "CompressionType": "",
              "DataType": "text/plain",
              "DownloadTime": 63,
              "EventId": 61,
              "HttpStatus": 200,
              "Size": 15,
              "URL": "https://www.google-analytics.com/j/collect?v=1&_v=j101&a=1022608586&t=pageview&_s=1&dl=http%3A%2F%2Floadrunnertips.com%2F&ul=en-gb&de=UTF-8&dt=Load%20Runner%20Tips-%20Performance%20testing%2C%20load%20testing%2C%20stress%20testing%2C%20soak%20testing%2C%20endurances%20testing%20tool%2CVuGen%20script%20creation%2C%20Load%20Runner%20Correlation%2C%20LR%20Scripting%2C%20Load%20Runner%20parameterization%2C%20Load%20Runner%20transaction%20naming%2CLR%20think%20time%2C%20LR%20transaction%2C%20web%20reg%20save%20param%2C%20Web%20reg%20find%2C%20Lr%20pacing&sd=24-bit&sr=1280x720&vp=1263x593&je=0&_u=IEBAAEABAAAAACAAI~&jid=2078880576&gjid=586369228&cid=980661036.1708337501&tid=UA-54539864-2&_gid=1672187656.1708337501&_r=1&_slc=1&z=700494663"
            },
            {
              "CompressionType": "gzip",
              "DataType": "text/javascript",
              "DownloadTime": 47,
              "EventId": 43,
              "HttpStatus": 200,
              "Size": 20994,
              "URL": "https://www.google-analytics.com/analytics.js"
            }
          ],
          "SSLCipher": "TLS_AES_256_GCM_SHA384",
          "SSLVersion": "TLS1.3"
        }
      ],
      "IncludeInScript": true
    }
  ],
  "WebSocket": {
    "IncludeInScript": false,
    "IsScriptIncludeWebSocket": false
  },
  "NumberOfCorrelations": 8
}