{
  "FilterHeaders": [
    {
      "Header": "x-client-data",
      "IncludeInScript": false
    },
    {
      "Header": "user-agent",
      "IncludeInScript": false
    },
    {
      "Header": "upgrade-insecure-requests",
      "IncludeInScript": false
    },
    {
      "Header": "sec-fetch-user",
      "IncludeInScript": false
    },
    {
      "Header": "sec-fetch-site",
      "IncludeInScript": false
    },
    {
      "Header": "sec-fetch-mode",
      "IncludeInScript": false
    },
    {
      "Header": "sec-fetch-dest",
      "IncludeInScript": false
    },
    {
      "Header": "sec-ch-ua-platform",
      "IncludeInScript": false
    },
    {
      "Header": "sec-ch-ua-mobile",
      "IncludeInScript": false
    },
    {
      "Header": "sec-ch-ua",
      "IncludeInScript": false
    },
    {
      "Header": "pragma",
      "IncludeInScript": false
    },
    {
      "Header": "origin",
      "IncludeInScript": false
    },
    {
      "Header": "content-encoding",
      "IncludeInScript": false
    },
    {
      "Header": "cache-control",
      "IncludeInScript": false
    },
    {
      "Header": "authorization",
      "IncludeInScript": false
    },
    {
      "Header": "attribution-reporting-support",
      "IncludeInScript": false
    },
    {
      "Header": "attribution-reporting-eligible",
      "IncludeInScript": false
    },
    {
      "Header": "access-control-request-method",
      "IncludeInScript": false
    },
    {
      "Header": "access-control-request-headers",
      "IncludeInScript": false
    },
    {
      "Header": "accept-language",
      "IncludeInScript": false
    },
    {
      "Header": "accept-encoding",
      "IncludeInScript": false
    },
    {
      "Header": "accept",
      "IncludeInScript": false
    }
  ],
  "FilterResources": [
    {
      "IsNonResource": false,
      "type": "text/plain"
    },
    {
      "IsNonResource": true,
      "type": "text/html"
    },
    {
      "IsNonResource": false,
      "type": "text/css"
    },
    {
      "IsNonResource": false,
      "type": "image/png"
    },
    {
      "IsNonResource": false,
      "type": "application/x-javascript"
    },
    {
      "IsNonResource": false,
      "type": "application/vnd.google.octet-stream-compressible"
    },
    {
      "IsNonResource": true,
      "type": "application/json"
    },
    {
      "IsNonResource": false,
      "type": "application/javascript"
    }
  ],
  "GeneralInfo": {
    "BrowserVersion": "",
    "IsWinInetMode": false,
    "MaxUsedConnections": 15,
    "RecordedBrowser": "Chrome",
    "RecordingDate": "Feb-07-2024",
    "RecordingDuration": 47218,
    "RecordingMode": "N/A",
    "RecordingTimeStamp": 1707304952,
    "RecordingType": "Browser",
    "TotalBytesReceived": 464397,
    "TotalBytesSent": 16903,
    "TotalRequests": 18,
    "UserAgent": "Mozilla/5.0 (Windows NT 10.0; Win64; x64) AppleWebKit/537.36 (KHTML, like Gecko) Chrome/121.0.0.0 Safari/537.36"
  },
  "HostInfo": [
    {
      "DomainName": "googletagmanager.com",
      "Domains": [
        {
          "HTTPVersion": "HTTP/1.1",
          "IP": "142.250.182.104",
          "IncludeInScript": true,
          "Name": "www.googletagmanager.com",
          "Port": 443,
          "Requests": [
            {
              "CompressionType": "br",
              "DataType": "application/javascript",
              "DownloadTime": 94,
              "EventId": 347,
              "HttpStatus": 200,
              "Size": 72909,
              "URL": "https://www.googletagmanager.com/gtm.js?id=GTM-NDRWWF"
            },
            {
              "CompressionType": "br",
              "DataType": "application/javascript",
              "DownloadTime": 78,
              "EventId": 240,
              "HttpStatus": 200,
              "Size": 87613,
              "URL": "https://www.googletagmanager.com/gtag/js?id=AW-852445990"
            },
            {
              "CompressionType": "br",
              "DataType": "application/javascript",
              "DownloadTime": 78,
              "EventId": 223,
              "HttpStatus": 200,
              "Size": 45811,
              "URL": "https://www.googletagmanager.com/gtag/js?id="
            }
          ],
          "SSLCipher": "",
          "SSLVersion": ""
        }
      ],
      "IncludeInScript": false
    },
    {
      "DomainName": "google.com",
      "Domains": [
        {
          "HTTPVersion": "HTTP/1.1",
          "IP": "142.250.205.238",
          "IncludeInScript": true,
          "Name": "clients4.google.com",
          "Port": 443,
          "Requests": [
            {
              "CompressionType": "gzip",
              "DataType": "application/vnd.google.octet-stream-compressible",
              "DownloadTime": 609,
              "EventId": 45,
              "HttpStatus": 200,
              "Size": 314,
              "URL": "https://clients4.google.com/chrome-sync/command/?client=Google+Chrome&client_id=EqBJmtXuwdBaPOmd8C%2FKQg%3D%3D"
            }
          ],
          "SSLCipher": "TLS_AES_256_GCM_SHA384",
          "SSLVersion": "TLS1.3"
        },
        {
          "HTTPVersion": "HTTP/1.1",
          "IP": "74.125.200.84",
          "IncludeInScript": true,
          "Name": "accounts.google.com",
          "Port": 443,
          "Requests": [
            {
              "CompressionType": "gzip",
              "DataType": "application/json",
              "DownloadTime": 187,
              "EventId": 10,
              "HttpStatus": 200,
              "Size": 193,
              "URL": "https://accounts.google.com/ListAccounts?gpsia=1&source=ChromiumBrowser&json=standard"
            }
          ],
          "SSLCipher": "TLS_AES_256_GCM_SHA384",
          "SSLVersion": "TLS1.3"
        }
      ],
      "IncludeInScript": true
    },
    {
      "DomainName": "facebook.net",
      "Domains": [
        {
          "HTTPVersion": "HTTP/1.1",
          "IP": "157.240.192.16",
          "IncludeInScript": true,
          "Name": "connect.facebook.net",
          "Port": 443,
          "Requests": [
            {
              "CompressionType": "gzip",
              "DataType": "application/x-javascript",
              "DownloadTime": 16,
              "EventId": 340,
              "HttpStatus": 200,
              "Size": 57257,
              "URL": "https://connect.facebook.net/en_US/fbevents.js"
            }
          ],
          "SSLCipher": "TLS_CHACHA20_POLY1305_SHA256",
          "SSLVersion": "TLS1.3"
        }
      ],
      "IncludeInScript": true
    },
    {
      "DomainName": "facebook.com",
      "Domains": [
        {
          "HTTPVersion": "HTTP/1.1",
          "IP": "157.240.192.35",
          "IncludeInScript": true,
          "Name": "www.facebook.com",
          "Port": 443,
          "Requests": [
            {
              "CompressionType": "br",
              "DataType": "image/png",
              "DownloadTime": 250,
              "EventId": 448,
              "HttpStatus": 200,
              "Size": 70,
              "URL": "https://www.facebook.com/privacy_sandbox/pixel/register/trigger/?id=465845273623930&ev=PageView&dl=https%3A%2F%2Fwww.bunnycart.com%2F&rl=&if=false&ts=1707304972745&sw=1280&sh=720&v=2.9.145&r=stable&ec=0&o=4126&fbp=fb.1.1707304972725.1453159239&cs_est=true&ler=empty&cdl=API_unavailable&it=1707304972129&coo=false&exp=e1&rqm=FGET"
            },
            {
              "CompressionType": "",
              "DataType": "text/plain",
              "DownloadTime": 16,
              "EventId": 440,
              "HttpStatus": 200,
              "Size": 0,
              "URL": "https://www.facebook.com/tr/?id=465845273623930&ev=PageView&dl=https%3A%2F%2Fwww.bunnycart.com%2F&rl=&if=false&ts=1707304972745&sw=1280&sh=720&v=2.9.145&r=stable&ec=0&o=4126&fbp=fb.1.1707304972725.1453159239&cs_est=true&ler=empty&cdl=API_unavailable&it=1707304972129&coo=false&exp=e1&rqm=GET"
            }
          ],
          "SSLCipher": "TLS_CHACHA20_POLY1305_SHA256",
          "SSLVersion": "TLS1.3"
        }
      ],
      "IncludeInScript": true
    },
    {
      "DomainName": "doubleclick.net",
      "Domains": [
        {
          "HTTPVersion": "HTTP/1.1",
          "IP": "142.250.205.226",
          "IncludeInScript": true,
          "Name": "td.doubleclick.net",
          "Port": 443,
          "Requests": [
            {
              "CompressionType": "br",
              "DataType": "text/html",
              "DownloadTime": 63,
              "EventId": 432,
              "HttpStatus": 200,
              "Size": 16,
              "URL": "https://td.doubleclick.net/td/rul/852445990?random=1707304972253&cv=11&fst=1707304972253&fmt=3&bg=ffffff&guid=ON&async=1&gtm=45be4250za200&gcd=13l3l3l3l1&dma=0&u_w=1280&u_h=720&url=https%3A%2F%2Fwww.bunnycart.com%2F&label=2_osCP3Pwe8BEKaWvZYD&hn=www.googleadservices.com&frm=0&tiba=Buy%20Aquatic%20Plants%20%26%20Aquarium%20Fish%20online&gtm_ee=1&npa=0&pscdl=noapi&auid=1377808016.1707304972&uaa=x86&uab=64&uafvl=Not%2520A(Brand%3B99.0.0.0%7CGoogle%2520Chrome%3B121.0.6167.141%7CChromium%3B121.0.6167.141&uamb=0&uap=Windows&uapv=10.0.0&uaw=0&ec_m=body%3E%3Anth-child(6)%3E%3Anth-child(6)%3E%3Anth-child(1)%3E%3Anth-child(2)%3E%3Anth-child(1)%3E%3Anth-child(2)%3E%3Anth-child(2)%3E%3Anth-child(1)%3E%3Anth-child(1)%3E%3Anth-child(1)%3E%3Anth-child(6)%3E%3Anth-child(1)%3E%3Anth-child(1)%3E%3Anth-child(2)%3E%3Anth-child(1)*P%3Atrue%3A21%3Afalse*1~body%3E%3Anth-child(6)%3E%3Anth-child(6)%3E%3Anth-child(1)%3E%3Anth-child(2)%3E%3Anth-child(1)%3E%3Anth-child(2)%3E%3Anth-child(2)%3E%3Anth-child(1)%3E%3Anth-child(1)%3E%3Anth-child(1)%3E%3Anth-child(12)%3E%3Anth-child(1)%3E%3Anth-child(1)%3E%3Anth-child(2)%3E%3Anth-child(1)*P%3Atrue%3A21%3Afalse*1&ec_sel=body%3E%3Anth-child(6)%3E%3Anth-child(6)%3E%3Anth-child(1)%3E%3Anth-child(2)%3E%3Anth-child(1)%3E%3Anth-child(2)%3E%3Anth-child(2)%3E%3Anth-child(1)%3E%3Anth-child(1)%3E%3Anth-child(1)%3E%3Anth-child(6)%3E%3Anth-child(1)%3E%3Anth-child(1)%3E%3Anth-child(2)%3E%3Anth-child(1)&ec_meta=P%3Atrue%3A21%3Afalse&ec_lat=6&ec_s=1&ec_mode=a&fledge=1&capi=1&data=event%3Dconversion&em=tv.1~em.eWi5Zbg0K1E-XToG4ZZx60KoVOtHc9la6feKDdkWXzs"
            },
            {
              "CompressionType": "br",
              "DataType": "text/html",
              "DownloadTime": 78,
              "EventId": 419,
              "HttpStatus": 200,
              "Size": 16,
              "URL": "https://td.doubleclick.net/td/rul/852445990?random=1707304972179&cv=11&fst=1707304972179&fmt=3&bg=ffffff&guid=ON&async=1&gtm=45be4250za200&gcd=13l3l3l3l1&dma=0&u_w=1280&u_h=720&url=https%3A%2F%2Fwww.bunnycart.com%2F&hn=www.googleadservices.com&frm=0&tiba=Buy%20Aquatic%20Plants%20%26%20Aquarium%20Fish%20online&npa=0&pscdl=noapi&auid=1377808016.1707304972&uaa=x86&uab=64&uafvl=Not%2520A(Brand%3B99.0.0.0%7CGoogle%2520Chrome%3B121.0.6167.141%7CChromium%3B121.0.6167.141&uamb=0&uap=Windows&uapv=10.0.0&uaw=0&fledge=1&data=event%3Dgtag.config"
            }
          ],
          "SSLCipher": "TLS_AES_256_GCM_SHA384",
          "SSLVersion": "TLS1.3"
        }
      ],
      "IncludeInScript": true
    },
    {
      "DomainName": "cloudflare.com",
      "Domains": [
        {
          "HTTPVersion": "HTTP/1.1",
          "IP": "35.190.80.1",
          "IncludeInScript": true,
          "Name": "a.nel.cloudflare.com",
          "Port": 443,
          "Requests": [
            {
              "CompressionType": "",
              "DataType": "",
              "DownloadTime": 265,
              "EventId": 219,
              "HttpStatus": 200,
              "Size": 0,
              "URL": "https://a.nel.cloudflare.com/report/v3?s=08r7T6Jg4XX0C%2FrZS2QVG0QXa6PepShVWgZ%2BqKB7kPhtGpDFCvoZp8hZ77FTCeyga%2F4IQku1t5bP%2FtvwgE8V3xbrUIyk8i%2FqrXens0%2B5Toz81aMJQBgMDUM7w0PYDELFK%2FE%2F"
            }
          ],
          "SSLCipher": "TLS_AES_256_GCM_SHA384",
          "SSLVersion": "TLS1.3"
        }
      ],
      "IncludeInScript": true
    },
    {
      "DomainName": "bunnycart.com",
      "Domains": [
        {
          "HTTPVersion": "HTTP/1.1",
          "IP": "172.67.70.122",
          "IncludeInScript": true,
          "Name": "www.bunnycart.com",
          "Port": 443,
          "Requests": [
            {
              "CompressionType": "br",
              "DataType": "text/css",
              "DownloadTime": 47,
              "EventId": 186,
              "HttpStatus": 200,
              "Size": 1687,
              "URL": "https://www.bunnycart.com/pub/media/porto/web/css/animate.optimized.css"
            },
            {
              "CompressionType": "br",
              "DataType": "text/css",
              "DownloadTime": 47,
              "EventId": 184,
              "HttpStatus": 200,
              "Size": 3803,
              "URL": "https://www.bunnycart.com/pub/media/porto/web/bootstrap/css/bootstrap.optimized.min.css"
            },
            {
              "CompressionType": "br",
              "DataType": "text/css",
              "DownloadTime": 31,
              "EventId": 173,
              "HttpStatus": 200,
              "Size": 510,
              "URL": "https://www.bunnycart.com/pub/static/frontend/Smartwave/porto/en_GB/css/print.min.css"
            },
            {
              "CompressionType": "br",
              "DataType": "text/css",
              "DownloadTime": 47,
              "EventId": 161,
              "HttpStatus": 200,
              "Size": 23053,
              "URL": "https://www.bunnycart.com/pub/static/frontend/Smartwave/porto/en_GB/css/styles-l.min.css"
            },
            {
              "CompressionType": "br",
              "DataType": "text/css",
              "DownloadTime": 47,
              "EventId": 96,
              "HttpStatus": 200,
              "Size": 141996,
              "URL": "https://www.bunnycart.com/pub/static/_cache/merged/da81c73bcc9284f25f077f97fb4ac4fe.min.css"
            },
            {
              "CompressionType": "br",
              "DataType": "text/html",
              "DownloadTime": 32,
              "EventId": 89,
              "HttpStatus": 404,
              "Size": 321,
              "URL": "https://www.bunnycart.com/pub/static/_cache/merged/fonts_da81c73bcc9284f25f077f97fb4ac4fe.min.css"
            },
            {
              "CompressionType": "br",
              "DataType": "text/html",
              "DownloadTime": 3109,
              "EventId": 50,
              "HttpStatus": 200,
              "Size": 28828,
              "URL": "https://www.bunnycart.com/"
            }
          ],
          "SSLCipher": "",
          "SSLVersion": ""
        }
      ],
      "IncludeInScript": true
    }
  ],
  "WebSocket": {
    "IncludeInScript": false,
    "IsScriptIncludeWebSocket": false
  },
  "NumberOfCorrelations": 0
}