{
  "FilterHeaders": [
    {
      "Header": "x-goog-update-updater",
      "IncludeInScript": false
    },
    {
      "Header": "x-goog-update-interactivity",
      "IncludeInScript": false
    },
    {
      "Header": "x-goog-update-appid",
      "IncludeInScript": false
    },
    {
      "Header": "x-goog-encode-response-if-executable",
      "IncludeInScript": false
    },
    {
      "Header": "x-goog-api-key",
      "IncludeInScript": false
    },
    {
      "Header": "x-client-data",
      "IncludeInScript": false
    },
    {
      "Header": "user-agent",
      "IncludeInScript": false
    },
    {
      "Header": "upgrade-insecure-requests",
      "IncludeInScript": false
    },
    {
      "Header": "sec-fetch-user",
      "IncludeInScript": false
    },
    {
      "Header": "sec-fetch-site",
      "IncludeInScript": false
    },
    {
      "Header": "sec-fetch-mode",
      "IncludeInScript": false
    },
    {
      "Header": "sec-fetch-dest",
      "IncludeInScript": false
    },
    {
      "Header": "sec-ch-ua-platform",
      "IncludeInScript": false
    },
    {
      "Header": "sec-ch-ua-mobile",
      "IncludeInScript": false
    },
    {
      "Header": "sec-ch-ua",
      "IncludeInScript": false
    },
    {
      "Header": "pragma",
      "IncludeInScript": false
    },
    {
      "Header": "origin",
      "IncludeInScript": false
    },
    {
      "Header": "if-none-match",
      "IncludeInScript": false
    },
    {
      "Header": "content-encoding",
      "IncludeInScript": false
    },
    {
      "Header": "cache-control",
      "IncludeInScript": false
    },
    {
      "Header": "authorization",
      "IncludeInScript": false
    },
    {
      "Header": "accept-language",
      "IncludeInScript": false
    },
    {
      "Header": "accept-encoding",
      "IncludeInScript": false
    },
    {
      "Header": "accept",
      "IncludeInScript": false
    },
    {
      "Header": "a-im",
      "IncludeInScript": false
    }
  ],
  "FilterResources": [
    {
      "IsNonResource": false,
      "type": "text/plain"
    },
    {
      "IsNonResource": true,
      "type": "text/html"
    },
    {
      "IsNonResource": false,
      "type": "text/css"
    },
    {
      "IsNonResource": false,
      "type": "image/jpeg"
    },
    {
      "IsNonResource": false,
      "type": "font/woff2"
    },
    {
      "IsNonResource": false,
      "type": "application/vnd.google.octet-stream-compressible"
    },
    {
      "IsNonResource": true,
      "type": "application/json"
    },
    {
      "IsNonResource": false,
      "type": "application/javascript"
    }
  ],
  "GeneralInfo": {
    "BrowserVersion": "",
    "IsWinInetMode": false,
    "MaxUsedConnections": 9,
    "RecordedBrowser": "Chrome",
    "RecordingDate": "Feb-08-2024",
    "RecordingDuration": 114672,
    "RecordingMode": "N/A",
    "RecordingTimeStamp": 1707366067,
    "RecordingType": "Browser",
    "TotalBytesReceived": 440177,
    "TotalBytesSent": 21616,
    "TotalRequests": 17,
    "UserAgent": "Mozilla/5.0 (Windows NT 10.0; Win64; x64) AppleWebKit/537.36 (KHTML, like Gecko) Chrome/121.0.0.0 Safari/537.36"
  },
  "HostInfo": [
    {
      "DomainName": "herokuapp.com",
      "Domains": [
        {
          "HTTPVersion": "HTTP/1.1",
          "IP": "18.211.231.38",
          "IncludeInScript": true,
          "Name": "katalon-demo-cura.herokuapp.com",
          "Port": 443,
          "Requests": [
            {
              "CompressionType": "",
              "DataType": "text/html",
              "DownloadTime": 234,
              "EventId": 477,
              "HttpStatus": 200,
              "Size": 4234,
              "URL": "https://katalon-demo-cura.herokuapp.com/"
            },
            {
              "CompressionType": "",
              "DataType": "text/html",
              "DownloadTime": 250,
              "EventId": 475,
              "HttpStatus": 302,
              "Size": 0,
              "URL": "https://katalon-demo-cura.herokuapp.com/authenticate.php?logout"
            },
            {
              "CompressionType": "",
              "DataType": "text/html",
              "DownloadTime": 250,
              "EventId": 472,
              "HttpStatus": 200,
              "Size": 8280,
              "URL": "https://katalon-demo-cura.herokuapp.com/"
            },
            {
              "CompressionType": "",
              "DataType": "text/html",
              "DownloadTime": 235,
              "EventId": 470,
              "HttpStatus": 302,
              "Size": 0,
              "URL": "https://katalon-demo-cura.herokuapp.com/authenticate.php"
            },
            {
              "CompressionType": "",
              "DataType": "text/html",
              "DownloadTime": 250,
              "EventId": 453,
              "HttpStatus": 200,
              "Size": 7261,
              "URL": "https://katalon-demo-cura.herokuapp.com/profile.php"
            },
            {
              "CompressionType": "",
              "DataType": "text/html",
              "DownloadTime": 235,
              "EventId": 411,
              "HttpStatus": 404,
              "Size": 196,
              "URL": "https://katalon-demo-cura.herokuapp.com/favicon.ico"
            },
            {
              "CompressionType": "",
              "DataType": "image/jpeg",
              "DownloadTime": 234,
              "EventId": 336,
              "HttpStatus": 200,
              "Size": 379361,
              "URL": "https://katalon-demo-cura.herokuapp.com//img/header.jpg"
            },
            {
              "CompressionType": "",
              "DataType": "application/javascript",
              "DownloadTime": 250,
              "EventId": 307,
              "HttpStatus": 200,
              "Size": 1589,
              "URL": "https://katalon-demo-cura.herokuapp.com//js/theme.js"
            },
            {
              "CompressionType": "",
              "DataType": "text/css",
              "DownloadTime": 250,
              "EventId": 290,
              "HttpStatus": 200,
              "Size": 3211,
              "URL": "https://katalon-demo-cura.herokuapp.com//css/theme.css"
            },
            {
              "CompressionType": "",
              "DataType": "text/html",
              "DownloadTime": 234,
              "EventId": 286,
              "HttpStatus": 200,
              "Size": 4234,
              "URL": "https://katalon-demo-cura.herokuapp.com/"
            }
          ],
          "SSLCipher": "ECDHE-RSA-AES128-GCM-SHA256",
          "SSLVersion": "TLS1.2"
        }
      ],
      "IncludeInScript": true
    },
    {
      "DomainName": "gstatic.com",
      "Domains": [
        {
          "HTTPVersion": "HTTP/1.1",
          "IP": "142.250.182.99",
          "IncludeInScript": true,
          "Name": "fonts.gstatic.com",
          "Port": 443,
          "Requests": [
            {
              "CompressionType": "",
              "DataType": "font/woff2",
              "DownloadTime": 218,
              "EventId": 398,
              "HttpStatus": 200,
              "Size": 14712,
              "URL": "https://fonts.gstatic.com/s/sourcesanspro/v22/6xKydSBYKcSV-LCoeQqfX1RYOo3ig4vwlxdu.woff2"
            },
            {
              "CompressionType": "",
              "DataType": "font/woff2",
              "DownloadTime": 453,
              "EventId": 343,
              "HttpStatus": 200,
              "Size": 14892,
              "URL": "https://fonts.gstatic.com/s/sourcesanspro/v22/6xK3dSBYKcSV-LCoeQqfX1RYOo3qOK7l.woff2"
            }
          ],
          "SSLCipher": "",
          "SSLVersion": ""
        }
      ],
      "IncludeInScript": true
    },
    {
      "DomainName": "googleapis.com",
      "Domains": [
        {
          "HTTPVersion": "HTTP/1.1",
          "IP": "142.250.205.227",
          "IncludeInScript": true,
          "Name": "update.googleapis.com",
          "Port": 80,
          "Requests": [
            {
              "CompressionType": "gzip",
              "DataType": "application/json",
              "DownloadTime": 266,
              "EventId": 467,
              "HttpStatus": 200,
              "Size": 923,
              "URL": "http://update.googleapis.com/service/update2/json?cup2key=13:Mg_sLEoAuSKfejlyoDOfIxLwMW4ST2RMOrBZ2Mmr2p8&cup2hreq=322ac446991014603ca559c0bd024f3e4f4efb9682cb156e9735759ecd2b5ce7"
            }
          ],
          "SSLCipher": "None",
          "SSLVersion": "None"
        },
        {
          "HTTPVersion": "HTTP/1.1",
          "IP": "142.250.196.10",
          "IncludeInScript": true,
          "Name": "fonts.googleapis.com",
          "Port": 443,
          "Requests": [
            {
              "CompressionType": "gzip",
              "DataType": "text/css",
              "DownloadTime": 63,
              "EventId": 325,
              "HttpStatus": 200,
              "Size": 907,
              "URL": "https://fonts.googleapis.com/css?family=Source+Sans+Pro:300,400,700,300italic,400italic,700italic"
            }
          ],
          "SSLCipher": "TLS_AES_256_GCM_SHA384",
          "SSLVersion": "TLS1.3"
        },
        {
          "HTTPVersion": "HTTP/1.1",
          "IP": "142.250.195.138",
          "IncludeInScript": true,
          "Name": "content-autofill.googleapis.com",
          "Port": 443,
          "Requests": [
            {
              "CompressionType": "gzip",
              "DataType": "text/plain",
              "DownloadTime": 109,
              "EventId": 460,
              "HttpStatus": 200,
              "Size": 63,
              "URL": "https://content-autofill.googleapis.com/v1/pages/ChVDaHJvbWUvMTIxLjAuNjE2Ny4xNDESLgkHqZJskw0sFxIFDZFhlU4SBQ2RYZVOEgUN541ADhIFDc5BTHohwfHPmPIHasw=?alt=proto"
            }
          ],
          "SSLCipher": "TLS_AES_256_GCM_SHA384",
          "SSLVersion": "TLS1.3"
        },
        {
          "HTTPVersion": "HTTP/1.1",
          "IP": "142.250.76.35",
          "IncludeInScript": true,
          "Name": "clientservices.googleapis.com",
          "Port": 443,
          "Requests": [
            {
              "CompressionType": "",
              "DataType": "",
              "DownloadTime": 203,
              "EventId": 280,
              "HttpStatus": 304,
              "Size": 0,
              "URL": "https://clientservices.googleapis.com/chrome-variations/seed?osname=win&channel=stable&milestone=121"
            }
          ],
          "SSLCipher": "TLS_AES_256_GCM_SHA384",
          "SSLVersion": "TLS1.3"
        }
      ],
      "IncludeInScript": true
    },
    {
      "DomainName": "google.com",
      "Domains": [
        {
          "HTTPVersion": "HTTP/1.1",
          "IP": "142.250.193.142",
          "IncludeInScript": true,
          "Name": "clients4.google.com",
          "Port": 443,
          "Requests": [
            {
              "CompressionType": "gzip",
              "DataType": "application/vnd.google.octet-stream-compressible",
              "DownloadTime": 547,
              "EventId": 445,
              "HttpStatus": 200,
              "Size": 314,
              "URL": "https://clients4.google.com/chrome-sync/command/?client=Google+Chrome&client_id=EqBJmtXuwdBaPOmd8C%2FKQg%3D%3D"
            }
          ],
          "SSLCipher": "TLS_AES_256_GCM_SHA384",
          "SSLVersion": "TLS1.3"
        }
      ],
      "IncludeInScript": true
    }
  ],
  "WebSocket": {
    "IncludeInScript": false,
    "IsScriptIncludeWebSocket": false
  },
  "NumberOfCorrelations": 0
}