{
  "FilterHeaders": [
    {
      "Header": "x-goog-update-updater",
      "IncludeInScript": false
    },
    {
      "Header": "x-goog-update-interactivity",
      "IncludeInScript": false
    },
    {
      "Header": "x-goog-update-appid",
      "IncludeInScript": false
    },
    {
      "Header": "x-goog-encode-response-if-executable",
      "IncludeInScript": false
    },
    {
      "Header": "x-goog-api-key",
      "IncludeInScript": false
    },
    {
      "Header": "user-agent",
      "IncludeInScript": false
    },
    {
      "Header": "upgrade-insecure-requests",
      "IncludeInScript": false
    },
    {
      "Header": "sec-fetch-site",
      "IncludeInScript": false
    },
    {
      "Header": "sec-fetch-mode",
      "IncludeInScript": false
    },
    {
      "Header": "sec-fetch-dest",
      "IncludeInScript": false
    },
    {
      "Header": "sec-ch-ua-platform",
      "IncludeInScript": false
    },
    {
      "Header": "sec-ch-ua-mobile",
      "IncludeInScript": false
    },
    {
      "Header": "sec-ch-ua",
      "IncludeInScript": false
    },
    {
      "Header": "origin",
      "IncludeInScript": false
    },
    {
      "Header": "if-none-match",
      "IncludeInScript": false
    },
    {
      "Header": "accept-language",
      "IncludeInScript": false
    },
    {
      "Header": "accept-encoding",
      "IncludeInScript": false
    },
    {
      "Header": "accept",
      "IncludeInScript": false
    },
    {
      "Header": "a-im",
      "IncludeInScript": false
    }
  ],
  "FilterResources": [
    {
      "IsNonResource": false,
      "type": "text/plain"
    },
    {
      "IsNonResource": false,
      "type": "text/javascript"
    },
    {
      "IsNonResource": true,
      "type": "text/html"
    },
    {
      "IsNonResource": false,
      "type": "text/css"
    },
    {
      "IsNonResource": false,
      "type": "image/jpeg"
    },
    {
      "IsNonResource": false,
      "type": "image/gif"
    },
    {
      "IsNonResource": false,
      "type": "font/woff2"
    },
    {
      "IsNonResource": true,
      "type": "application/json"
    }
  ],
  "GeneralInfo": {
    "BrowserVersion": "",
    "IsWinInetMode": false,
    "MaxUsedConnections": 13,
    "RecordedBrowser": "Chrome",
    "RecordingDate": "Feb-05-2024",
    "RecordingDuration": 96047,
    "RecordingMode": "N/A",
    "RecordingTimeStamp": 1707126602,
    "RecordingType": "Browser",
    "TotalBytesReceived": 187995,
    "TotalBytesSent": 23757,
    "TotalRequests": 17,
    "UserAgent": "Mozilla/5.0 (Windows NT 10.0; Win64; x64) AppleWebKit/537.36 (KHTML, like Gecko) Chrome/121.0.0.0 Safari/537.36"
  },
  "HostInfo": [
    {
      "DomainName": "gstatic.com",
      "Domains": [
        {
          "HTTPVersion": "HTTP/1.1",
          "IP": "142.250.195.195",
          "IncludeInScript": true,
          "Name": "www.gstatic.com",
          "Port": 443,
          "Requests": [
            {
              "CompressionType": "gzip",
              "DataType": "text/javascript",
              "DownloadTime": 32,
              "EventId": 29,
              "HttpStatus": 200,
              "Size": 78859,
              "URL": "https://www.gstatic.com/og/_/js/k=og.qtm.en_US.ZEEp2pdSHOQ.2019.O/rt=j/m=qabr,q_d,qcwid,qapid,qald,q_dg/exm=qaaw,qadd,qaid,qein,qhaw,qhba,qhbr,qhch,qhga,qhid,qhin/d=1/ed=1/rs=AA2YrTvRRKYp7I5vTn-AtFvme6Qlo6hq9Q"
            },
            {
              "CompressionType": "gzip",
              "DataType": "text/css",
              "DownloadTime": 32,
              "EventId": 24,
              "HttpStatus": 200,
              "Size": 640,
              "URL": "https://www.gstatic.com/og/_/ss/k=og.qtm.8RUPaHb7e5o.L.W.O/m=qcwid/excm=qaaw,qadd,qaid,qein,qhaw,qhba,qhbr,qhch,qhga,qhid,qhin/d=1/ed=1/ct=zgms/rs=AA2YrTungzasoekTaLKrPFUaQFpakqDmnA"
            }
          ],
          "SSLCipher": "",
          "SSLVersion": ""
        },
        {
          "HTTPVersion": "HTTP/1.1",
          "IP": "142.250.183.227",
          "IncludeInScript": true,
          "Name": "fonts.gstatic.com",
          "Port": 443,
          "Requests": [
            {
              "CompressionType": "",
              "DataType": "font/woff2",
              "DownloadTime": 47,
              "EventId": 171,
              "HttpStatus": 200,
              "Size": 22308,
              "URL": "https://fonts.gstatic.com/s/googlesans/v58/4Ua_rENHsxJlGDuGo1OIlJfC6l_24rlCK1Yo_Iqcsih3SAyH6cAwhX9RFD48TE63OOYKtrw2IJllpyk.woff2"
            },
            {
              "CompressionType": "",
              "DataType": "font/woff2",
              "DownloadTime": 47,
              "EventId": 166,
              "HttpStatus": 200,
              "Size": 15344,
              "URL": "https://fonts.gstatic.com/s/roboto/v18/KFOmCnqEu92Fr1Mu4mxK.woff2"
            }
          ],
          "SSLCipher": "TLS_AES_256_GCM_SHA384",
          "SSLVersion": "TLS1.3"
        },
        {
          "HTTPVersion": "HTTP/1.1",
          "IP": "172.217.163.174",
          "IncludeInScript": true,
          "Name": "encrypted-tbn0.gstatic.com",
          "Port": 443,
          "Requests": [
            {
              "CompressionType": "",
              "DataType": "image/gif",
              "DownloadTime": 594,
              "EventId": 277,
              "HttpStatus": 404,
              "Size": 43,
              "URL": "https://encrypted-tbn0.gstatic.com/images?q=tbn:ANd9GcRAysDrLZ15d9T75pnogJrcxHODbB_TPPkH15SHt10&s=10"
            },
            {
              "CompressionType": "",
              "DataType": "image/jpeg",
              "DownloadTime": 31,
              "EventId": 273,
              "HttpStatus": 200,
              "Size": 2212,
              "URL": "https://encrypted-tbn0.gstatic.com/images?q=tbn:ANd9GcSt4Zvuqg17L8xiVfbOLSa2Ljl60znIOJHhMXuDqX70yrRBHrTowpAOX2w&s=10"
            },
            {
              "CompressionType": "",
              "DataType": "image/jpeg",
              "DownloadTime": 32,
              "EventId": 270,
              "HttpStatus": 200,
              "Size": 1801,
              "URL": "https://encrypted-tbn0.gstatic.com/images?q=tbn:ANd9GcRfwK31jSJoDS3wX4ZH2v5k49PLfabZSu90SO1eas4kL7IzpqiVbtXHE2Q&s=10"
            },
            {
              "CompressionType": "",
              "DataType": "image/jpeg",
              "DownloadTime": 31,
              "EventId": 256,
              "HttpStatus": 200,
              "Size": 3080,
              "URL": "https://encrypted-tbn0.gstatic.com/images?q=tbn:ANd9GcT5bCs10a0XxK1ikEHN655AT_iHkXWJhAsmMUB_IEk&s=10"
            },
            {
              "CompressionType": "",
              "DataType": "image/jpeg",
              "DownloadTime": 31,
              "EventId": 252,
              "HttpStatus": 200,
              "Size": 1007,
              "URL": "https://encrypted-tbn0.gstatic.com/images?q=tbn:ANd9GcT375qtPUYZr0WqxFfh87bLvb-B0jFIiul_rGBFJyMb2eP8yx_JZy5Z_6c&s=10"
            }
          ],
          "SSLCipher": "TLS_AES_256_GCM_SHA384",
          "SSLVersion": "TLS1.3"
        }
      ],
      "IncludeInScript": true
    },
    {
      "DomainName": "googleusercontent.com",
      "Domains": [
        {
          "HTTPVersion": "HTTP/1.1",
          "IP": "216.58.196.161",
          "IncludeInScript": true,
          "Name": "lh5.googleusercontent.com",
          "Port": 443,
          "Requests": [
            {
              "CompressionType": "",
              "DataType": "image/jpeg",
              "DownloadTime": 31,
              "EventId": 281,
              "HttpStatus": 200,
              "Size": 7638,
              "URL": "https://lh5.googleusercontent.com/p/AF1QipORjSliv1rRditQBc53zc97FH9h9Gm-56kJvMQH=w92-h92-n-k-no"
            }
          ],
          "SSLCipher": "TLS_AES_256_GCM_SHA384",
          "SSLVersion": "TLS1.3"
        }
      ],
      "IncludeInScript": true
    },
    {
      "DomainName": "googleapis.com",
      "Domains": [
        {
          "HTTPVersion": "HTTP/1.1",
          "IP": "142.250.76.35",
          "IncludeInScript": true,
          "Name": "update.googleapis.com",
          "Port": 443,
          "Requests": [
            {
              "CompressionType": "gzip",
              "DataType": "application/json",
              "DownloadTime": 250,
              "EventId": 297,
              "HttpStatus": 200,
              "Size": 171,
              "URL": "https://update.googleapis.com/service/update2/json"
            },
            {
              "CompressionType": "gzip",
              "DataType": "application/json",
              "DownloadTime": 281,
              "EventId": 236,
              "HttpStatus": 200,
              "Size": 1365,
              "URL": "https://update.googleapis.com/service/update2/json?cup2key=13:NAyUfqg1iAcb-34Nqg8thn2tceuysLE1Vpggi_5T2wM&cup2hreq=512e7691bffe8591fe50333c8d42077df1bc0baac9a8b3d3f3bfd677ea1d917e"
            }
          ],
          "SSLCipher": "TLS_AES_256_GCM_SHA384",
          "SSLVersion": "TLS1.3"
        },
        {
          "HTTPVersion": "HTTP/1.1",
          "IP": "142.250.195.74",
          "IncludeInScript": true,
          "Name": "content-autofill.googleapis.com",
          "Port": 443,
          "Requests": [
            {
              "CompressionType": "gzip",
              "DataType": "text/plain",
              "DownloadTime": 125,
              "EventId": 96,
              "HttpStatus": 200,
              "Size": 36,
              "URL": "https://content-autofill.googleapis.com/v1/pages/ChVDaHJvbWUvMTIxLjAuNjE2Ny4xNDASGQn11VQ7sgCk8RIFDWlIR0chrbMLunyG1js=?alt=proto"
            }
          ],
          "SSLCipher": "TLS_AES_256_GCM_SHA384",
          "SSLVersion": "TLS1.3"
        },
        {
          "HTTPVersion": "HTTP/1.1",
          "IP": "142.250.195.99",
          "IncludeInScript": true,
          "Name": "clientservices.googleapis.com",
          "Port": 443,
          "Requests": [
            {
              "CompressionType": "",
              "DataType": "",
              "DownloadTime": 235,
              "EventId": 22,
              "HttpStatus": 304,
              "Size": 0,
              "URL": "https://clientservices.googleapis.com/chrome-variations/seed?osname=win&channel=stable&milestone=121"
            }
          ],
          "SSLCipher": "TLS_AES_256_GCM_SHA384",
          "SSLVersion": "TLS1.3"
        }
      ],
      "IncludeInScript": true
    },
    {
      "DomainName": "google.com",
      "Domains": [
        {
          "HTTPVersion": "HTTP/1.1",
          "IP": "142.250.193.110",
          "IncludeInScript": true,
          "Name": "play.google.com",
          "Port": 443,
          "Requests": [
            {
              "CompressionType": "gzip",
              "DataType": "text/plain",
              "DownloadTime": 140,
              "EventId": 159,
              "HttpStatus": 200,
              "Size": 131,
              "URL": "https://play.google.com/log?format=json&hasfast=true"
            }
          ],
          "SSLCipher": "TLS_AES_256_GCM_SHA384",
          "SSLVersion": "TLS1.3"
        },
        {
          "HTTPVersion": "HTTP/1.1",
          "IP": "142.250.196.46",
          "IncludeInScript": true,
          "Name": "ogs.google.com",
          "Port": 443,
          "Requests": [
            {
              "CompressionType": "gzip",
              "DataType": "text/html",
              "DownloadTime": 94,
              "EventId": 105,
              "HttpStatus": 200,
              "Size": 12229,
              "URL": "https://ogs.google.com/widget/callout?prid=19037050&pgid=19037049&puid=a5627eb5c02923db&cce=1&dc=1&origin=https%3A%2F%2Fwww.google.com&cn=callout&pid=1&spid=538&hl=en"
            }
          ],
          "SSLCipher": "TLS_AES_256_GCM_SHA384",
          "SSLVersion": "TLS1.3"
        },
        {
          "HTTPVersion": "HTTP/1.1",
          "IP": "142.250.182.110",
          "IncludeInScript": true,
          "Name": "apis.google.com",
          "Port": 443,
          "Requests": [
            {
              "CompressionType": "gzip",
              "DataType": "text/javascript",
              "DownloadTime": 47,
              "EventId": 119,
              "HttpStatus": 200,
              "Size": 41131,
              "URL": "https://apis.google.com/_/scs/abc-static/_/js/k=gapi.gapi.en.GsbA68hXs80.O/m=gapi_iframes,googleapis_client/rt=j/sv=1/d=1/ed=1/rs=AHpOoo899t-H8Lxb3OqzMDuPn6TV_i36ag/cb=gapi.loaded_0"
            }
          ],
          "SSLCipher": "TLS_AES_256_GCM_SHA384",
          "SSLVersion": "TLS1.3"
        }
      ],
      "IncludeInScript": true
    }
  ],
  "WebSocket": {
    "IncludeInScript": false,
    "IsScriptIncludeWebSocket": false
  },
  "NumberOfCorrelations": 0
}